561.44,-195.727,0,0,0,-0.0846951,0.996407,0,3
562.618,-195.99,0,0,0,-0.127745,0.991807,0,3
563.588,-196.333,0,0,0,-0.147062,0.989127,0,3
564.729,-196.745,0,0,0,-0.188249,0.982121,0,3
565.809,-197.283,0,0,0,-0.238252,0.971203,0,3
566.865,-197.921,0,0,0,-0.288332,0.95753,0,3
567.855,-198.654,0,0,0,-0.344264,0.938873,0,3
568.698,-199.567,0,0,0,-0.402021,0.91563,0,3
569.471,-200.547,0,0,0,-0.430121,0.902771,0,3
570.21,-201.553,0,0,0,-0.444289,0.895883,0,3
570.906,-202.616,0,0,0,-0.46465,0.885495,0,3
571.564,-203.684,0,0,0,-0.489192,0.872176,0,3
572.136,-204.729,0,0,0,-0.521941,0.852982,0,3
572.673,-205.829,0,0,0,-0.526901,0.849927,0,3
573.215,-206.914,0,0,0,-0.552241,0.833684,0,3
573.583,-208.1,0,0,0,-0.58626,0.810123,0,3
573.84,-209.299,0,0,0,-0.620629,0.784105,0,3
574.042,-210.498,0,0,0,-0.637233,0.770671,0,3
574.178,-211.607,0,0,0,-0.668189,0.743991,0,3
574.251,-212.737,0,0,0,-0.682003,0.731349,0,3
574.288,-213.785,0,0,0,-0.68565,0.727931,0,3
574.266,-214.789,0,0,0,-0.713171,0.70099,0,3
574.164,-216.112,0,0,0,-0.727102,0.68653,0,3
574.032,-217.151,0,0,0,-0.734586,0.678515,0,3
573.905,-218.254,0,0,0,-0.73464,0.678457,0,3
573.746,-219.377,0,0,0,-0.739437,0.673226,0,3
573.584,-220.374,0,0,0,-0.747573,0.66418,0,3
573.42,-221.387,0,0,0,-0.750633,0.66072,0,3
573.286,-222.584,0,0,0,-0.748951,0.662626,0,3
573.112,-223.696,0,0,0,-0.7463,0.66561,0,3
573.042,-224.7,0,0,0,-0.747023,0.664798,0,3
572.915,-225.724,0,0,0,-0.740396,0.672171,0,3
572.797,-226.845,0,0,0,-0.734839,0.678241,0,3
572.681,-227.854,0,0,0,-0.736398,0.676548,0,3
572.589,-228.859,0,0,0,-0.729076,0.684432,0,3
572.654,-229.863,0,0,0,-0.715999,0.698101,0,3
572.53,-230.886,0,0,0,-0.71832,0.695713,0,3
572.515,-231.911,0,0,0,-0.712413,0.70176,0,3
572.529,-233.106,0,0,0,-0.705024,0.709184,0,3
572.541,-234.285,0,0,0,-0.697864,0.71623,0,3
572.532,-235.309,0,0,0,-0.700469,0.713682,0,3
572.509,-236.419,0,0,0,-0.70496,0.709247,0,3
572.47,-237.435,0,0,0,-0.713724,0.700427,0,3
572.494,-238.445,0,0,0,-0.70499,0.709217,0,3
572.539,-239.453,0,0,0,-0.683347,0.730094,0,3
572.638,-240.655,0,0,0,-0.660885,0.750487,0,3
572.759,-241.844,0,0,0,-0.66948,0.74283,0,3
572.784,-242.978,0,0,0,-0.682963,0.730453,0,3
572.852,-244.162,0,0,0,-0.68525,0.728308,0,3
573.024,-245.299,0,0,0,-0.682797,0.730608,0,3
573.13,-246.504,0,0,0,-0.675757,0.737125,0,3
573.231,-247.611,0,0,0,-0.657918,0.753089,0,3
573.302,-248.791,0,0,0,-0.650003,0.759931,0,3
573.485,-249.968,0,0,0,-0.647953,0.76168,0,3
573.631,-251.039,0,0,0,-0.655112,0.755532,0,3
573.756,-252.225,0,0,0,-0.65674,0.754117,0,3
573.727,-253.365,0,0,0,-0.661127,0.750274,0,3
573.769,-254.581,0,0,0,-0.671895,0.740646,0,3
573.719,-255.796,0,0,0,-0.688575,0.725165,0,3
573.389,-257.065,0,0,0,-0.6826,0.730792,0,3
573.432,-258.166,0,0,0,-0.654343,0.756198,0,3
573.435,-259.406,0,0,0,-0.658491,0.752589,0,3
573.562,-260.622,0,0,0,-0.664769,0.747049,0,3
573.874,-261.685,0,0,0,-0.666337,0.74565,0,3
573.914,-262.877,0,0,0,-0.666622,0.745396,0,3
574.044,-264.086,0,0,0,-0.657715,0.753267,0,3
574.215,-265.266,0,0,0,-0.671665,0.740855,0,3
574.124,-266.441,0,0,0,-0.674523,0.738254,0,3
573.97,-267.501,0,0,0,-0.690408,0.72342,0,3
574.081,-268.514,0,0,0,-0.687602,0.726088,0,3
574.181,-269.711,0,0,0,-0.691825,0.722065,0,3
574.229,-270.801,0,0,0,-0.699343,0.714786,0,3
574.001,-271.936,0,0,0,-0.714157,0.699985,0,3
573.948,-273.126,0,0,0,-0.713923,0.700224,0,3
573.948,-274.315,0,0,0,-0.708045,0.706167,0,3
573.973,-275.604,0,0,0,-0.695027,0.718983,0,3
573.968,-276.654,0,0,0,-0.685726,0.72786,0,3
573.874,-277.784,0,0,0,-0.698237,0.715867,0,3
573.601,-278.767,0,0,0,-0.715461,0.698653,0,3
573.528,-279.771,0,0,0,-0.71961,0.694378,0,3
573.444,-280.972,0,0,0,-0.721421,0.692497,0,3
573.377,-281.985,0,0,0,-0.725357,0.688373,0,3
573.381,-283.161,0,0,0,-0.721724,0.692181,0,3
573.326,-284.363,0,0,0,-0.697808,0.716285,0,3
573.372,-285.396,0,0,0,-0.69726,0.716818,0,3
573.353,-286.428,0,0,0,-0.725059,0.688686,0,3
573.161,-287.559,0,0,0,-0.740068,0.672532,0,3
572.961,-288.666,0,0,0,-0.753862,0.657032,0,3
572.824,-289.869,0,0,0,-0.758682,0.651461,0,3
572.629,-291.014,0,0,0,-0.772156,0.635433,0,3
572.362,-292.151,0,0,0,-0.773998,0.633188,0,3
572.071,-293.272,0,0,0,-0.782372,0.622812,0,3
571.787,-294.337,0,0,0,-0.790464,0.612508,0,3
571.575,-295.419,0,0,0,-0.792116,0.610371,0,3
571.26,-296.468,0,0,0,-0.79436,0.607447,0,3
570.972,-297.55,0,0,0,-0.799406,0.600792,0,3
570.648,-298.612,0,0,0,-0.79881,0.601584,0,3
570.351,-299.748,0,0,0,-0.785755,0.618537,0,3
570.074,-300.744,0,0,0,-0.774047,0.633128,0,3
570.006,-302.009,0,0,0,-0.771378,0.636377,0,3
569.741,-303.08,0,0,0,-0.769562,0.638572,0,3
569.515,-304.094,0,0,0,-0.75331,0.657665,0,3
569.424,-305.265,0,0,0,-0.742979,0.669315,0,3
569.327,-306.277,0,0,0,-0.733796,0.67937,0,3
569.199,-307.457,0,0,0,-0.725448,0.688277,0,3
569.172,-308.481,0,0,0,-0.73089,0.682495,0,3
569.05,-309.486,0,0,0,-0.74081,0.671714,0,3
568.883,-310.485,0,0,0,-0.747719,0.664016,0,3
568.723,-311.66,0,0,0,-0.743572,0.668656,0,3
568.507,-312.836,0,0,0,-0.726246,0.687435,0,3
568.452,-313.892,0,0,0,-0.700764,0.713393,0,3
568.43,-315.001,0,0,0,-0.707821,0.706392,0,3
568.386,-316.008,0,0,0,-0.693549,0.720409,0,3
568.583,-316.99,0,0,0,-0.689982,0.723826,0,3
568.673,-318.062,0,0,0,-0.696988,0.717083,0,3
568.637,-319.158,0,0,0,-0.705227,0.708981,0,3
568.685,-320.359,0,0,0,-0.702339,0.711843,0,3
568.763,-321.421,0,0,0,-0.695637,0.718393,0,3
568.755,-322.683,0,0,0,-0.683448,0.729999,0,3
568.782,-323.877,0,0,0,-0.682457,0.730925,0,3
568.934,-324.981,0,0,0,-0.680553,0.732699,0,3
568.982,-326.173,0,0,0,-0.671569,0.740942,0,3
569.062,-327.367,0,0,0,-0.677871,0.735181,0,3
569.163,-328.58,0,0,0,-0.682565,0.730825,0,3
569.098,-329.687,0,0,0,-0.682366,0.731011,0,3
569.009,-330.722,0,0,0,-0.690942,0.72291,0,3
569.01,-331.825,0,0,0,-0.691697,0.722188,0,3
568.853,-333.014,0,0,0,-0.701355,0.712813,0,3
568.924,-334.248,0,0,0,-0.69984,0.714299,0,3
568.817,-335.265,0,0,0,-0.707798,0.706415,0,3
568.676,-336.374,0,0,0,-0.733938,0.679216,0,3
568.268,-337.378,0,0,0,-0.776765,0.62979,0,3
567.829,-338.423,0,0,0,-0.832945,0.553356,0,3
567.177,-339.224,0,0,0,0.880084,-0.474818,0,3
566.362,-340.153,0,0,0,0.929822,-0.36801,0,3
564.252,-340.753,0,0,0,0.967149,-0.254211,0,3
563.291,-341.152,0,0,0,0.984435,-0.17575,0,3
562.132,-341.545,0,0,0,0.989066,-0.147475,0,3
560.978,-341.906,0,0,0,0.990027,-0.140878,0,3
559.814,-342.231,0,0,0,0.996993,-0.0774907,0,3
558.61,-342.378,0,0,0,0.999855,-0.0170048,0,3
557.985,-342.426,0,0,0,0.999936,0.0112903,0,3
556.997,-342.416,0,0,0,0.999978,0.00669839,0,3
555.885,-342.409,0,0,0,0.999969,0.00784677,0,3
555.681,-342.401,0,0,0,0.999864,0.0165199,0,3
554.59,-342.313,0,0,0,0.999281,0.0379261,0,3
553.407,-342.224,0,0,0,0.99906,0.0433548,0,3
552.299,-342.1,0,0,0,0.998177,0.0603613,0,3
551.219,-341.985,0,0,0,0.998438,0.0558661,0,3
550.209,-341.903,0,0,0,0.998749,0.0499955,0,3
549.09,-341.774,0,0,0,0.998482,0.0550731,0,3
548.084,-341.637,0,0,0,0.996985,0.077599,0,3
547.084,-341.5,0,0,0,0.996149,0.087681,0,3
545.89,-341.316,0,0,0,0.996281,0.0861581,0,3
544.902,-341.153,0,0,0,0.997257,0.0740142,0,3
543.905,-341.024,0,0,0,0.996784,0.0801334,0,3
542.806,-340.842,0,0,0,0.996836,0.0794909,0,3
541.796,-340.711,0,0,0,0.996999,0.0774124,0,3
540.8,-340.573,0,0,0,0.998113,0.0614086,0,3
539.795,-340.447,0,0,0,0.998921,0.0464492,0,3
538.745,-340.584,0,0,0,0.999966,0.00820054,0,3
538.116,-340.627,0,0,0,0.99991,0.0134391,0,3
537.714,-340.605,0,0,0,0.999952,0.00980943,0,3
537.309,-340.572,0,0,0,0.999938,0.0111162,0,3
537.097,-340.532,0,0,0,0.999949,0.0101474,0,3
536.596,-340.511,0,0,0,0.999935,0.0113907,0,3
535.48,-340.516,0,0,0,0.999935,0.0114153,0,3
535.292,-340.544,0,0,0,1,0.000577775,0,3
534.268,-340.596,0,0,0,0.99937,-0.0354976,0,3
533.253,-340.728,0,0,0,0.999131,-0.0416724,0,3
532.143,-340.902,0,0,0,0.998946,-0.0459102,0,3
530.959,-341.098,0,0,0,0.999135,-0.0415801,0,3
529.95,-341.247,0,0,0,0.999591,-0.0285997,0,3
528.935,-341.355,0,0,0,0.999678,-0.0253792,0,3
527.914,-341.378,0,0,0,0.999111,-0.042153,0,3
526.727,-341.458,0,0,0,0.999268,-0.0382571,0,3
525.599,-341.525,0,0,0,0.999807,-0.0196221,0,3
524.561,-341.502,0,0,0,0.999967,-0.00814335,0,3
523.555,-341.501,0,0,0,0.999998,0.00215104,0,3
522.449,-341.483,0,0,0,0.999919,0.0127462,0,3
522.034,-341.491,0,0,0,0.999989,0.00472011,0,3
521.032,-341.489,0,0,0,0.999681,-0.0252382,0,3
519.925,-341.56,0,0,0,0.99825,-0.0591365,0,3
518.739,-341.678,0,0,0,0.998105,-0.0615364,0,3
517.568,-341.842,0,0,0,0.998755,-0.0498922,0,3
516.364,-341.968,0,0,0,0.999059,-0.0433611,0,3
515.144,-341.958,0,0,0,0.999795,-0.0202389,0,3
514.055,-342.085,0,0,0,0.999802,-0.0198987,0,3
513.001,-342.074,0,0,0,0.999918,-0.0128445,0,3
511.886,-341.944,0,0,0,0.999942,0.0108148,0,3
511.284,-341.919,0,0,0,0.999956,0.00936557,0,3
510.768,-341.868,0,0,0,0.999929,0.011884,0,3
510.573,-341.863,0,0,0,0.999958,0.00915715,0,3
509.669,-341.791,0,0,0,0.999904,0.0138231,0,3
508.958,-341.783,0,0,0,0.999972,0.00754263,0,3
508.646,-341.751,0,0,0,0.999938,0.0111186,0,3
508.432,-341.765,0,0,0,0.999955,0.00949503,0,3
508.24,-341.767,0,0,0,0.999942,0.0107921,0,3
507.733,-341.753,0,0,0,0.999958,0.00912846,0,3
506.623,-341.768,0,0,0,0.999998,0.00183131,0,3
505.597,-341.724,0,0,0,0.999935,0.011426,0,3
504.51,-341.632,0,0,0,0.999567,0.0294275,0,3
503.305,-341.544,0,0,0,0.99916,0.0409909,0,3
502.2,-341.437,0,0,0,0.998578,0.0533154,0,3
501.212,-341.26,0,0,0,0.997503,0.0706288,0,3
500.21,-341.162,0,0,0,0.997257,0.0740113,0,3
499.21,-341.022,0,0,0,0.996585,0.0825753,0,3
498.206,-340.84,0,0,0,0.995829,0.0912391,0,3
497.13,-340.616,0,0,0,0.99459,0.103883,0,3
496.05,-340.349,0,0,0,0.993682,0.11223,0,3
494.861,-340.027,0,0,0,0.993695,0.112119,0,3
493.689,-339.84,0,0,0,0.994385,0.105824,0,3
492.637,-339.476,0,0,0,0.99285,0.119372,0,3
491.568,-339.207,0,0,0,0.992517,0.122103,0,3
490.433,-338.891,0,0,0,0.990623,0.136625,0,3
489.381,-338.606,0,0,0,0.989777,0.142621,0,3
488.232,-338.262,0,0,0,0.986949,0.161036,0,3
487.178,-337.933,0,0,0,0.989788,0.14255,0,3
486.19,-337.7,0,0,0,0.992738,0.120298,0,3
485.265,-337.288,0,0,0,0.98885,0.148918,0,3
484.266,-337.017,0,0,0,0.988252,0.152831,0,3
483.116,-336.644,0,0,0,0.988289,0.152595,0,3
481.968,-336.343,0,0,0,0.98616,0.165794,0,3
480.833,-335.965,0,0,0,0.98521,0.171354,0,3
479.749,-335.424,0,0,0,0.980794,0.195047,0,3
478.667,-334.837,0,0,0,0.978084,0.208211,0,3
477.532,-334.403,0,0,0,0.978305,0.207168,0,3
476.456,-333.815,0,0,0,0.977935,0.208912,0,3
475.358,-333.324,0,0,0,0.979642,0.20075,0,3
474.215,-332.93,0,0,0,0.982165,0.18802,0,3
473.067,-332.541,0,0,0,0.983937,0.178517,0,3
471.917,-332.073,0,0,0,0.983714,0.179743,0,3
470.815,-331.598,0,0,0,0.981146,0.193267,0,3
469.67,-331.228,0,0,0,0.981337,0.192296,0,3
468.564,-330.814,0,0,0,0.982387,0.186857,0,3
467.437,-330.398,0,0,0,0.986132,0.165966,0,3
466.328,-329.969,0,0,0,0.986822,0.161812,0,3
465.204,-329.494,0,0,0,0.987164,0.15971,0,3
464.066,-329.152,0,0,0,0.9881,0.15381,0,3
462.967,-328.498,0,0,0,0.98754,0.157368,0,3
461.765,-328.259,0,0,0,0.987514,0.15753,0,3
460.588,-327.854,0,0,0,0.988803,0.149225,0,3
459.415,-327.634,0,0,0,0.990094,0.140403,0,3
458.37,-327.235,0,0,0,0.989203,0.146554,0,3
457.25,-326.869,0,0,0,0.991625,0.129148,0,3
456.086,-326.617,0,0,0,0.991155,0.132709,0,3
454.853,-326.432,0,0,0,0.991494,0.130151,0,3
453.76,-326.102,0,0,0,0.990679,0.136217,0,3
452.622,-325.71,0,0,0,0.99129,0.131695,0,3
451.596,-325.392,0,0,0,0.992899,0.118958,0,3
450.592,-325.084,0,0,0,0.993688,0.112179,0,3
449.326,-324.817,0,0,0,0.993005,0.118073,0,3
448.168,-324.411,0,0,0,0.991125,0.13293,0,3
447.009,-324.098,0,0,0,0.992424,0.122864,0,3
445.727,-323.98,0,0,0,0.993137,0.116959,0,3
444.515,-323.851,0,0,0,0.995609,0.09361,0,3
443.384,-323.48,0,0,0,0.995252,0.0973284,0,3
442.236,-323.27,0,0,0,0.996589,0.082524,0,3
441.31,-322.852,0,0,0,0.995072,0.0991517,0,3
440.361,-322.383,0,0,0,0.994096,0.108509,0,3
439.312,-322.021,0,0,0,0.994008,0.109309,0,3
438.393,-321.435,0,0,0,0.994401,0.105672,0,3
437.374,-321.294,0,0,0,0.994732,0.102514,0,3
436.496,-320.195,0,0,0,0.993551,0.113384,0,3
435.676,-319.534,0,0,0,0.993444,0.114321,0,3
435.336,-320.54,0,0,0,0.995932,0.0901058,0,3
435.1,-319.414,0,0,0,0.993998,0.109402,0,3
434.723,-320.501,0,0,0,0.996471,0.0839356,0,3
433.817,-319.984,0,0,0,0.995825,0.0912823,0,3
433.2,-318.975,0,0,0,0.995124,0.0986341,0,3
432.049,-318.864,0,0,0,0.996,0.0893477,0,3
431.023,-318.755,0,0,0,0.997239,0.0742549,0,3
430.053,-318.427,0,0,0,0.997131,0.0756951,0,3
429.015,-318.165,0,0,0,0.997119,0.0758569,0,3
427.828,-318.003,0,0,0,0.99748,0.0709499,0,3
426.721,-317.859,0,0,0,0.997576,0.0695803,0,3
425.689,-317.832,0,0,0,0.997779,0.0666101,0,3
424.609,-317.49,0,0,0,0.997862,0.0653511,0,3
423.413,-317.363,0,0,0,0.998029,0.0627534,0,3
422.361,-317.359,0,0,0,0.999327,0.0366707,0,3
421.328,-317.281,0,0,0,0.999402,0.0345899,0,3
420.212,-317.264,0,0,0,0.999639,0.0268846,0,3
419.106,-317.126,0,0,0,0.999583,0.0288739,0,3
417.972,-316.969,0,0,0,0.99898,0.0451561,0,3
416.933,-316.775,0,0,0,0.99885,0.0479496,0,3
415.929,-316.65,0,0,0,0.998517,0.0544434,0,3
414.946,-316.347,0,0,0,0.997751,0.0670271,0,3
413.927,-316.321,0,0,0,0.99771,0.0676384,0,3
412.775,-316.131,0,0,0,0.998204,0.0599083,0,3
411.783,-315.903,0,0,0,0.999065,0.0432376,0,3
410.553,-315.917,0,0,0,0.999672,0.0256012,0,3
409.586,-315.937,0,0,0,0.999962,0.00871483,0,3
408.516,-315.896,0,0,0,0.999798,-0.0200826,0,3
407.302,-315.948,0,0,0,0.99991,-0.0134182,0,3
406.068,-316.034,0,0,0,0.999957,-0.00931752,0,3
404.843,-316.088,0,0,0,0.999798,-0.0201112,0,3
403.642,-316.099,0,0,0,0.999042,-0.0437642,0,3
402.433,-316.222,0,0,0,0.998159,-0.060653,0,3
401.264,-316.294,0,0,0,0.998326,-0.057841,0,3
400.089,-316.436,0,0,0,0.998627,-0.0523786,0,3
398.85,-316.669,0,0,0,0.998451,-0.0556445,0,3
397.654,-316.729,0,0,0,0.999097,-0.0424791,0,3
396.47,-316.749,0,0,0,0.998728,-0.0504227,0,3
395.275,-316.867,0,0,0,0.997696,-0.0678422,0,3
394.093,-316.975,0,0,0,0.996055,-0.0887405,0,3
392.905,-317.189,0,0,0,0.995365,-0.0961743,0,3
391.772,-317.536,0,0,0,0.993267,-0.115849,0,3
390.651,-317.826,0,0,0,0.989942,-0.141472,0,3
389.397,-317.846,0,0,0,0.993004,-0.118083,0,3
388.219,-318.037,0,0,0,0.994757,-0.102263,0,3
386.999,-318.124,0,0,0,0.996315,-0.085769,0,3
385.823,-318.222,0,0,0,0.992796,-0.119818,0,3
384.639,-318.53,0,0,0,0.993467,-0.114123,0,3
383.495,-318.765,0,0,0,0.994983,-0.100045,0,3
382.353,-318.964,0,0,0,0.993583,-0.113105,0,3
381.164,-319.124,0,0,0,0.993712,-0.111967,0,3
380.006,-319.525,0,0,0,0.992729,-0.12037,0,3
378.846,-319.664,0,0,0,0.991651,-0.128948,0,3
377.679,-319.82,0,0,0,0.990765,-0.135592,0,3
376.536,-320.121,0,0,0,0.990441,-0.137937,0,3
375.333,-320.306,0,0,0,0.990875,-0.134781,0,3
374.206,-320.571,0,0,0,0.992049,-0.125856,0,3
373.039,-320.757,0,0,0,0.992827,-0.119558,0,3
371.798,-320.751,0,0,0,0.994585,-0.103922,0,3
370.628,-321.079,0,0,0,0.992694,-0.120661,0,3
369.577,-321.827,0,0,0,0.987593,-0.157036,0,3
368.363,-321.956,0,0,0,0.988442,-0.151598,0,3
367.203,-322.157,0,0,0,0.989741,-0.142871,0,3
366.082,-322.404,0,0,0,0.989419,-0.145089,0,3
364.919,-322.718,0,0,0,0.987825,-0.155566,0,3
363.698,-322.831,0,0,0,0.987732,-0.15616,0,3
362.853,-323.409,0,0,0,0.985761,-0.16815,0,3
361.742,-323.806,0,0,0,0.98751,-0.157559,0,3
360.745,-324.394,0,0,0,0.983769,-0.17944,0,3
359.635,-324.845,0,0,0,0.979142,-0.203179,0,3
358.565,-324.512,0,0,0,0.983214,-0.182458,0,3
357.57,-325.288,0,0,0,0.983516,-0.180822,0,3
356.295,-325.338,0,0,0,0.985385,-0.170343,0,3
355.165,-325.732,0,0,0,0.986099,-0.166161,0,3
354.04,-326.054,0,0,0,0.984765,-0.173888,0,3
353.277,-326.751,0,0,0,0.983381,-0.181556,0,3
352.065,-326.776,0,0,0,0.982382,-0.186884,0,3
350.803,-326.767,0,0,0,0.981203,-0.192978,0,3
349.77,-327.335,0,0,0,0.982134,-0.188184,0,3
348.643,-327.73,0,0,0,0.982538,-0.186064,0,3
347.541,-327.547,0,0,0,0.985718,-0.168406,0,3
347.062,-328.448,0,0,0,0.984247,-0.176799,0,3
346.35,-327.698,0,0,0,0.987829,-0.155541,0,3
345.855,-328.574,0,0,0,0.986766,-0.162148,0,3
344.855,-327.902,0,0,0,0.989473,-0.144719,0,3
343.94,-328.691,0,0,0,0.990019,-0.140936,0,3
342.561,-328.542,0,0,0,0.992631,-0.121173,0,3
341.356,-328.808,0,0,0,0.993226,-0.116197,0,3
340.36,-328.659,0,0,0,0.993387,-0.114811,0,3
339.137,-328.724,0,0,0,0.994608,-0.103702,0,3
337.942,-328.885,0,0,0,0.996233,-0.0867157,0,3
336.745,-329.06,0,0,0,0.995804,-0.091515,0,3
335.541,-329.175,0,0,0,0.992709,-0.120538,0,3
334.301,-329.189,0,0,0,0.992029,-0.126013,0,3
333.077,-329.272,0,0,0,0.99357,-0.11322,0,3
331.861,-329.532,0,0,0,0.993394,-0.11475,0,3
330.651,-329.663,0,0,0,0.993547,-0.113424,0,3
329.414,-329.776,0,0,0,0.994521,-0.104534,0,3
328.252,-330.098,0,0,0,0.993854,-0.1107,0,3
327.115,-330.282,0,0,0,0.994946,-0.100416,0,3
325.903,-330.53,0,0,0,0.992111,-0.125363,0,3
324.767,-330.886,0,0,0,0.991629,-0.12912,0,3
323.498,-330.921,0,0,0,0.992936,-0.11865,0,3
322.302,-331.201,0,0,0,0.993858,-0.11066,0,3
321.172,-331.465,0,0,0,0.994427,-0.10543,0,3
319.974,-331.643,0,0,0,0.995453,-0.0952588,0,3
318.83,-331.92,0,0,0,0.996103,-0.0882032,0,3
317.634,-331.672,0,0,0,0.998064,-0.062192,0,3
316.523,-332.184,0,0,0,0.99843,-0.0560129,0,3
315.32,-332.17,0,0,0,0.999581,-0.028943,0,3
314.046,-332.028,0,0,0,0.999721,-0.0236382,0,3
312.835,-331.91,0,0,0,0.999959,-0.00908563,0,3
311.579,-331.76,0,0,0,0.999983,0.00577578,0,3
311.209,-331.667,0,0,0,0.999941,0.0108414,0,3
310.658,-331.648,0,0,0,0.999983,0.00584972,0,3
309.829,-331.584,0,0,0,0.999933,0.0115541,0,3
308.828,-330.925,0,0,0,0.999706,0.0242398,0,3
307.841,-331.255,0,0,0,0.999682,0.0252248,0,3
306.588,-330.948,0,0,0,0.999418,0.0341197,0,3
305.36,-331.048,0,0,0,0.999505,0.0314448,0,3
304.278,-331.076,0,0,0,0.999393,0.0348506,0,3
303.209,-330.902,0,0,0,0.999203,0.039921,0,3
302.127,-330.536,0,0,0,0.998496,0.0548304,0,3
300.978,-329.573,0,0,0,0.996701,0.0811585,0,3
299.898,-329.498,0,0,0,0.996903,0.0786366,0,3
298.894,-329.327,0,0,0,0.996729,0.0808225,0,3
298.142,-328.618,0,0,0,0.995595,0.0937625,0,3
296.942,-329.025,0,0,0,0.995445,0.095337,0,3
295.749,-328.085,0,0,0,0.993242,0.116058,0,3
294.785,-327.784,0,0,0,0.992372,0.123278,0,3
293.819,-327.521,0,0,0,0.991083,0.133245,0,3
292.813,-327.172,0,0,0,0.989079,0.147384,0,3
291.77,-326.764,0,0,0,0.987879,0.155227,0,3
290.63,-326.292,0,0,0,0.984689,0.174323,0,3
289.644,-325.817,0,0,0,0.980907,0.194478,0,3
288.485,-325.426,0,0,0,0.97478,0.223167,0,3
287.394,-324.932,0,0,0,0.967146,0.254222,0,3
286.359,-324.322,0,0,0,0.950565,0.310527,0,3
285.391,-323.655,0,0,0,0.940906,0.338668,0,3
284.461,-322.866,0,0,0,0.937036,0.349232,0,3
283.527,-322.109,0,0,0,0.935345,0.353737,0,3
282.629,-321.321,0,0,0,0.923096,0.384571,0,3
281.811,-320.452,0,0,0,0.90551,0.424324,0,3
281.149,-319.364,0,0,0,0.875602,0.483033,0,3
280.556,-318.292,0,0,0,0.845498,0.533979,0,3
280.233,-317.063,0,0,0,0.804,0.594629,0,3
279.822,-315.956,0,0,0,0.793439,0.608649,0,3
279.433,-314.867,0,0,0,0.777451,0.628944,0,3
279.116,-313.747,0,0,0,0.774216,0.632921,0,3
278.79,-312.593,0,0,0,0.773977,0.633214,0,3
278.547,-311.436,0,0,0,0.772001,0.635622,0,3
278.431,-310.182,0,0,0,0.764902,0.644147,0,3
278.107,-309.013,0,0,0,0.769259,0.638938,0,3
277.925,-307.858,0,0,0,0.762763,0.646678,0,3
277.612,-306.659,0,0,0,0.770326,0.63765,0,3
277.343,-305.484,0,0,0,0.777767,0.628552,0,3
277.132,-304.304,0,0,0,0.775719,0.631078,0,3
277.038,-303.093,0,0,0,0.766659,0.642054,0,3
276.799,-301.908,0,0,0,0.761561,0.648094,0,3
276.697,-300.666,0,0,0,0.754867,0.655878,0,3
276.383,-299.478,0,0,0,0.729945,0.683506,0,3
276.462,-298.191,0,0,0,0.727995,0.685583,0,3
276.592,-296.937,0,0,0,0.732613,0.680645,0,3
276.521,-295.683,0,0,0,0.738577,0.674169,0,3
276.315,-294.479,0,0,0,0.742885,0.669419,0,3
276.235,-293.237,0,0,0,0.735661,0.677349,0,3
276.196,-291.967,0,0,0,0.749226,0.662314,0,3
275.849,-290.827,0,0,0,0.775091,0.631849,0,3
275.713,-289.565,0,0,0,0.78065,0.624968,0,3
275.325,-288.398,0,0,0,0.805977,0.591947,0,3
275.184,-287.166,0,0,0,0.797058,0.603903,0,3
274.832,-285.951,0,0,0,0.812845,0.58248,0,3
274.483,-284.718,0,0,0,0.83402,0.551735,0,3
274.029,-283.558,0,0,0,0.846875,0.531791,0,3
273.531,-282.362,0,0,0,0.850078,0.526657,0,3
273.001,-281.234,0,0,0,0.866556,0.49908,0,3
272.293,-280.125,0,0,0,0.868337,0.495975,0,3
271.79,-278.944,0,0,0,0.859499,0.511138,0,3
271.201,-277.848,0,0,0,0.854545,0.519377,0,3
270.667,-276.729,0,0,0,0.857511,0.514465,0,3
270.201,-275.577,0,0,0,0.853634,0.520874,0,3
269.671,-274.474,0,0,0,0.862542,0.505986,0,3
269.116,-273.381,0,0,0,0.873068,0.487599,0,3
268.633,-272.237,0,0,0,0.870688,0.491836,0,3
267.994,-271.171,0,0,0,0.86787,0.496792,0,3
267.42,-270.085,0,0,0,0.863352,0.504602,0,3
266.791,-268.987,0,0,0,0.847833,0.530264,0,3
266.25,-267.9,0,0,0,0.845603,0.533812,0,3
265.737,-266.798,0,0,0,0.840602,0.541654,0,3
265.356,-265.658,0,0,0,0.831108,0.556111,0,3
264.927,-264.52,0,0,0,0.827102,0.562052,0,3
264.459,-263.456,0,0,0,0.833444,0.552604,0,3
263.949,-262.38,0,0,0,0.839377,0.54355,0,3
263.543,-261.232,0,0,0,0.834811,0.550537,0,3
263.059,-260.103,0,0,0,0.833643,0.552304,0,3
262.549,-258.973,0,0,0,0.838354,0.545126,0,3
261.867,-257.951,0,0,0,0.843084,0.537781,0,3
261.357,-256.848,0,0,0,0.836531,0.54792,0,3
260.832,-255.762,0,0,0,0.835007,0.55024,0,3
260.439,-254.632,0,0,0,0.832697,0.553729,0,3
260.005,-253.478,0,0,0,0.833337,0.552765,0,3
259.48,-252.329,0,0,0,0.835813,0.549014,0,3
259.032,-251.168,0,0,0,0.833929,0.551871,0,3
258.621,-249.979,0,0,0,0.830694,0.55673,0,3
258.197,-248.79,0,0,0,0.826362,0.563139,0,3
257.583,-247.745,0,0,0,0.824453,0.565931,0,3
257.19,-246.616,0,0,0,0.818731,0.574178,0,3
256.476,-245.599,0,0,0,0.826159,0.563437,0,3
256.023,-244.462,0,0,0,0.826141,0.563463,0,3
255.538,-243.402,0,0,0,0.82191,0.569617,0,3
255.311,-242.13,0,0,0,0.813994,0.580873,0,3
254.85,-241.031,0,0,0,0.813044,0.582202,0,3
254.428,-239.972,0,0,0,0.807891,0.589332,0,3
254.167,-238.763,0,0,0,0.803726,0.594999,0,3
253.981,-237.573,0,0,0,0.802927,0.596077,0,3
253.648,-236.436,0,0,0,0.80213,0.59715,0,3
253.217,-235.346,0,0,0,0.804073,0.59453,0,3
253.325,-234.339,0,0,0,0.801702,0.597723,0,3
252.801,-233.272,0,0,0,0.801834,0.597546,0,3
252.079,-232.333,0,0,0,0.802829,0.59621,0,3
252.117,-230.975,0,0,0,0.791397,0.611302,0,3
252.123,-229.691,0,0,0,0.786872,0.617116,0,3
251.758,-228.614,0,0,0,0.781397,0.624034,0,3
251.646,-227.43,0,0,0,0.774292,0.632828,0,3
251.362,-226.32,0,0,0,0.77518,0.631741,0,3
250.957,-225.231,0,0,0,0.770691,0.637209,0,3
250.749,-224.107,0,0,0,0.764953,0.644086,0,3
250.292,-222.986,0,0,0,0.761314,0.648383,0,3
250.178,-221.886,0,0,0,0.755219,0.655472,0,3
250.088,-220.737,0,0,0,0.748497,0.663139,0,3
249.535,-219.696,0,0,0,0.754018,0.656854,0,3
249.644,-218.671,0,0,0,0.749206,0.662337,0,3
249.098,-217.699,0,0,0,0.75684,0.6536,0,3
248.991,-216.476,0,0,0,0.760537,0.649295,0,3
248.877,-215.294,0,0,0,0.76167,0.647965,0,3
248.758,-214.079,0,0,0,0.761181,0.648539,0,3
248.189,-213.122,0,0,0,0.768666,0.63965,0,3
248.533,-212.032,0,0,0,0.757448,0.652895,0,3
248.863,-211.053,0,0,0,0.746099,0.665835,0,3
248.368,-209.843,0,0,0,0.758314,0.65189,0,3
248.556,-208.708,0,0,0,0.749463,0.662047,0,3
248.501,-207.54,0,0,0,0.741483,0.670971,0,3
248.507,-206.279,0,0,0,0.729245,0.684253,0,3
249.679,-205.311,0,0,0,0.726176,0.687509,0,3
250.068,-204.343,0,0,0,0.737295,0.675571,0,3
249.238,-203.414,0,0,0,0.750453,0.660923,0,3
251.865,-201.994,0,0,0,0.734161,0.678975,0,3
249.923,-202.265,0,0,0,0.750191,0.661221,0,3
250.399,-201.34,0,0,0,0.737511,0.675336,0,3
249.172,-201.228,0,0,0,0.750222,0.661186,0,3
249.161,-200.018,0,0,0,0.743586,0.66864,0,3
247.855,-200.247,0,0,0,0.763518,0.645787,0,3
249.404,-199.396,0,0,0,0.749265,0.662271,0,3
251.079,-198.822,0,0,0,0.737778,0.675043,0,3
249.058,-198.574,0,0,0,0.749376,0.662145,0,3
250.746,-198.021,0,0,0,0.733168,0.680047,0,3
248.87,-198.024,0,0,0,0.755714,0.654902,0,3
250.366,-197.197,0,0,0,0.738695,0.67404,0,3
248.315,-197.515,0,0,0,0.757939,0.652326,0,3
250.546,-196.607,0,0,0,0.73697,0.675925,0,3
255.962,-195.158,0,0,0,0.688757,0.724992,0,3
250.351,-196.046,0,0,0,0.735108,0.67795,0,3
248.869,-196.235,0,0,0,0.749129,0.662424,0,3
250.427,-195.379,0,0,0,0.739206,0.67348,0,3
253.408,-193.807,0,0,0,0.708905,0.705304,0,3
250.352,-194.313,0,0,0,0.732141,0.681153,0,3
253.154,-192.584,0,0,0,0.703757,0.710441,0,3
248.342,-193.358,0,0,0,0.741113,0.67138,0,3
250.125,-192.487,0,0,0,0.725311,0.688421,0,3
246.812,-192.459,0,0,0,0.751325,0.659932,0,3
250.792,-190.953,0,0,0,0.715328,0.698788,0,3
257.105,-186.357,0,0,0,0.710636,0.70356,0,3
257.15,-185.2,0,0,0,0.71888,0.695134,0,3
257.222,-184.069,0,0,0,0.713445,0.700711,0,3
257.355,-182.983,0,0,0,0.694634,0.719363,0,3
257.34,-181.922,0,0,0,0.724819,0.688939,0,3
257.194,-180.843,0,0,0,0.743366,0.668885,0,3
257.068,-179.823,0,0,0,0.744159,0.668003,0,3
257.773,-178.376,0,0,0,0.749509,0.661994,0,3
257.792,-177.332,0,0,0,0.74928,0.662253,0,3
257.752,-176.245,0,0,0,0.750203,0.661208,0,3
257.604,-175.166,0,0,0,0.763055,0.646334,0,3
257.4,-174.124,0,0,0,0.770057,0.637975,0,3
257.088,-173.127,0,0,0,0.775018,0.631939,0,3
258.099,-171.556,0,0,0,0.769666,0.638447,0,3
258.085,-170.361,0,0,0,0.763807,0.645444,0,3
257.953,-169.334,0,0,0,0.754749,0.656013,0,3
258.008,-168.309,0,0,0,0.726543,0.687121,0,3
258.469,-167.159,0,0,0,0.728004,0.685573,0,3
258.427,-166.121,0,0,0,0.727951,0.68563,0,3
258.383,-165.109,0,0,0,0.720549,0.693404,0,3
258.421,-164.084,0,0,0,0.704852,0.709355,0,3
258.33,-163.08,0,0,0,0.709584,0.704621,0,3
258.495,-162.013,0,0,0,0.708587,0.705624,0,3
258.971,-160.606,0,0,0,0.712201,0.701976,0,3
259.016,-159.32,0,0,0,0.70542,0.708789,0,3
259.096,-158.203,0,0,0,0.706618,0.707595,0,3
259.111,-157.187,0,0,0,0.703366,0.710828,0,3
259.138,-155.979,0,0,0,0.662822,0.748777,0,3
259.497,-154.908,0,0,0,0.594793,0.803879,0,3
259.929,-153.82,0,0,0,0.539129,0.842223,0,3
261.262,-152.956,0,0,0,0.407589,0.913165,0,3
260.614,-151.32,0,0,0,0.38944,0.921052,0,3
261.317,-150.367,0,0,0,0.32589,0.945408,0,3
262.229,-149.601,0,0,0,0.274961,0.961455,0,3
262.827,-148.698,0,0,0,0.245507,0.969395,0,3
263.715,-148.185,0,0,0,0.241408,0.970424,0,3
264.502,-147.378,0,0,0,0.196304,0.980543,0,3
265.617,-147.025,0,0,0,0.118659,0.992935,0,3
266.802,-146.865,0,0,0,0.0636506,0.997972,0,3
268.643,-145.615,0,0,0,0.128704,0.991683,0,3
269.744,-145.244,0,0,0,0.139512,0.99022,0,3
270.82,-144.877,0,0,0,0.164127,0.986439,0,3
271.871,-144.432,0,0,0,0.220609,0.975362,0,3
272.774,-143.719,0,0,0,0.223102,0.974795,0,3
273.802,-143.092,0,0,0,0.283354,0.959015,0,3
274.768,-142.393,0,0,0,0.300176,0.953884,0,3
275.68,-141.66,0,0,0,0.316796,0.948494,0,3
276.699,-140.947,0,0,0,0.303044,0.952976,0,3
277.668,-140.296,0,0,0,0.308776,0.951135,0,3
278.547,-139.676,0,0,0,0.306827,0.951765,0,3
279.41,-139.095,0,0,0,0.290476,0.956882,0,3
280.359,-138.509,0,0,0,0.268862,0.963179,0,3
281.208,-137.911,0,0,0,0.278024,0.960574,0,3
282.149,-137.419,0,0,0,0.257167,0.966367,0,3
283.163,-136.592,0,0,0,0.353092,0.935588,0,3
284.968,-135.594,0,0,0,0.332484,0.943109,0,3
285.874,-134.889,0,0,0,0.302746,0.953071,0,3
286.767,-134.211,0,0,0,0.310484,0.950579,0,3
287.626,-133.594,0,0,0,0.299751,0.954018,0,3
288.58,-133.06,0,0,0,0.265168,0.964202,0,3
289.49,-132.569,0,0,0,0.249766,0.968306,0,3
291.871,-131.035,0,0,0,0.252864,0.967502,0,3
292.888,-130.455,0,0,0,0.237699,0.971339,0,3
293.899,-129.909,0,0,0,0.242088,0.970254,0,3
294.929,-129.372,0,0,0,0.273806,0.961785,0,3
296.352,-128.651,0,0,0,0.283784,0.958888,0,3
297.208,-128.129,0,0,0,0.315518,0.94892,0,3
298.073,-127.576,0,0,0,0.279707,0.960085,0,3
298.992,-127.078,0,0,0,0.240461,0.970659,0,3
299.95,-126.63,0,0,0,0.226865,0.973926,0,3
301.646,-125.508,0,0,0,0.208028,0.978123,0,3
302.709,-125.02,0,0,0,0.17046,0.985365,0,3
303.702,-124.72,0,0,0,0.123468,0.992349,0,3
304.865,-124.659,0,0,0,0.0465225,0.998917,0,3
306.654,-123.418,0,0,0,0.0432299,0.999065,0,3
307.718,-123.077,0,0,0,0.0478053,0.998857,0,3
308.769,-123.06,0,0,0,-0.00333096,0.999994,0,3
309.829,-122.987,0,0,0,-0.00684472,0.999977,0,3
311.587,-122.959,0,0,0,-0.0610207,0.998137,0,3
314.089,-121.518,0,0,0,-0.0891761,0.996016,0,3
315.151,-121.478,0,0,0,-0.0799131,0.996802,0,3
316.34,-121.583,0,0,0,-0.0504155,0.998728,0,3
317.308,-121.249,0,0,0,-0.0157598,0.999876,0,3
318.509,-121.058,0,0,0,0.0473817,0.998877,0,3
319.641,-120.876,0,0,0,0.0903608,0.995909,0,3
321.394,-120.318,0,0,0,0.0935388,0.995616,0,3
322.494,-119.992,0,0,0,0.116123,0.993235,0,3
323.651,-119.73,0,0,0,0.114383,0.993437,0,3
324.901,-119.555,0,0,0,0.0775139,0.996991,0,3
326.719,-118.774,0,0,0,0.0753607,0.997156,0,3
327.96,-118.431,0,0,0,0.103517,0.994628,0,3
329.058,-118.176,0,0,0,0.0910031,0.995851,0,3
330.131,-117.957,0,0,0,0.0880742,0.996114,0,3
331.13,-117.741,0,0,0,0.111084,0.993811,0,3
332.2,-117.448,0,0,0,0.150177,0.988659,0,3
333.276,-117.065,0,0,0,0.153422,0.988161,0,3
334.357,-116.32,0,0,0,0.179782,0.983706,0,3
335.454,-115.719,0,0,0,0.292911,0.95614,0,3
336.432,-114.982,0,0,0,0.300652,0.953734,0,3
337.378,-114.286,0,0,0,0.278252,0.960508,0,3
338.39,-113.69,0,0,0,0.265988,0.963976,0,3
339.324,-112.97,0,0,0,0.338412,0.940998,0,3
340.206,-112.169,0,0,0,0.340819,0.940129,0,3
341.04,-111.327,0,0,0,0.365165,0.930943,0,3
341.93,-110.543,0,0,0,0.354763,0.934956,0,3
342.726,-109.795,0,0,0,0.34265,0.939463,0,3
343.427,-109.03,0,0,0,0.342206,0.939625,0,3
344.309,-108.226,0,0,0,0.346268,0.938136,0,3
345.241,-107.556,0,0,0,0.238224,0.97121,0,3
346.381,-107.071,0,0,0,0.159684,0.987168,0,3
347.553,-106.718,0,0,0,0.107815,0.994171,0,3
348.785,-106.583,0,0,0,0.01745,0.999848,0,3
349.996,-106.563,0,0,0,-0.0086659,0.999962,0,3
351.205,-106.622,0,0,0,-0.0564629,0.998405,0,3
352.439,-106.755,0,0,0,-0.0604769,0.99817,0,3
353.489,-106.937,0,0,0,-0.136007,0.990708,0,3
354.488,-107.237,0,0,0,-0.14824,0.988951,0,3
355.433,-107.575,0,0,0,-0.163763,0.9865,0,3
356.577,-108.006,0,0,0,-0.173181,0.98489,0,3
357.527,-108.359,0,0,0,-0.175918,0.984405,0,3
358.475,-108.718,0,0,0,-0.190157,0.981754,0,3
359.461,-109.213,0,0,0,-0.309764,0.950813,0,3
360.33,-110.042,0,0,0,-0.400898,0.916123,0,3
361.141,-110.943,0,0,0,-0.409313,0.912394,0,3
361.942,-111.876,0,0,0,-0.418435,0.908247,0,3
362.871,-112.631,0,0,0,-0.211352,0.97741,0,3
363.848,-112.854,0,0,0,0.007011,0.999975,0,3
365.003,-112.536,0,0,0,0.17587,0.984413,0,3
365.847,-111.961,0,0,0,0.49789,0.86724,0,3
366.187,-110.935,0,0,0,0.666588,0.745427,0,3
366.293,-109.787,0,0,0,0.66875,0.743487,0,3
366.353,-108.744,0,0,0,0.687275,0.726397,0,3
366.595,-107.701,0,0,0,0.658017,0.753003,0,3
366.816,-106.671,0,0,0,0.663974,0.747756,0,3
366.979,-105.468,0,0,0,0.669528,0.742787,0,3
367.106,-104.387,0,0,0,0.669528,0.742787,0,3
367.212,-103.223,0,0,0,0.682226,0.731141,0,3
367.329,-102.073,0,0,0,0.683656,0.729804,0,3
367.345,-100.922,0,0,0,0.690919,0.722932,0,3
367.435,-99.8223,0,0,0,0.674063,0.738674,0,3
367.534,-98.7167,0,0,0,0.667006,0.745052,0,3
367.673,-97.6282,0,0,0,0.660685,0.750663,0,3
367.802,-96.4354,0,0,0,0.661439,0.749999,0,3
367.976,-95.2458,0,0,0,0.665206,0.74666,0,3
368.196,-94.1201,0,0,0,0.715862,0.698241,0,3
368.178,-92.9273,0,0,0,0.751456,0.659783,0,3
367.734,-91.9204,0,0,0,0.886971,0.461825,0,3
366.959,-91.103,0,0,0,0.952386,0.304896,0,3
366.022,-90.6179,0,0,0,0.984398,0.175955,0,3
365.026,-90.2337,0,0,0,0.986405,0.164334,0,3
363.869,-89.8785,0,0,0,0.995274,0.0971051,0,3
362.787,-89.3667,0,0,0,0.999996,0.00269843,0,3
361.654,-89.3455,0,0,0,0.999738,-0.0228695,0,3
360.482,-89.3174,0,0,0,0.999968,0.00797714,0,3
359.291,-89.3529,0,0,0,0.999993,0.00363898,0,3
358.111,-89.3732,0,0,0,0.999994,0.0035716,0,3
356.928,-89.1027,0,0,0,0.999667,0.0258001,0,3
355.757,-88.8724,0,0,0,0.998553,0.0537717,0,3
354.576,-88.6572,0,0,0,0.99916,0.040983,0,3
353.369,-88.5243,0,0,0,0.999936,0.0112833,0,3
352.199,-88.4114,0,0,0,0.999523,0.0308832,0,3
350.98,-88.3055,0,0,0,0.998748,0.0500317,0,3
349.847,-88.1795,0,0,0,0.998118,0.0613249,0,3
348.654,-88.1183,0,0,0,0.999419,0.0340818,0,3
347.469,-88.0446,0,0,0,0.999109,0.0422142,0,3
346.296,-87.962,0,0,0,0.999088,0.0427057,0,3
345.154,-87.6261,0,0,0,0.998205,0.0598882,0,3
343.913,-87.4593,0,0,0,0.999627,0.0273201,0,3
342.711,-87.3318,0,0,0,0.998984,0.0450734,0,3
341.493,-87.1621,0,0,0,0.999854,0.0171107,0,3
340.302,-87.0794,0,0,0,0.999643,0.0267313,0,3
339.126,-87.0334,0,0,0,0.999656,0.0262399,0,3
337.901,-86.9444,0,0,0,1,-0.000471979,0,3
336.711,-86.9809,0,0,0,0.999895,-0.0144906,0,3
335.679,-86.965,0,0,0,0.999959,0.00910519,0,3
334.552,-86.9543,0,0,0,0.999999,0.00157905,0,3
333.337,-86.9423,0,0,0,0.999877,0.0156932,0,3
332.306,-86.9836,0,0,0,0.999864,0.0164998,0,3
331.225,-87.0525,0,0,0,0.99993,0.0118241,0,3
330.004,-86.9211,0,0,0,0.999661,0.0260395,0,3
328.788,-87.0253,0,0,0,0.999938,0.0111481,0,3
327.589,-86.9824,0,0,0,0.999821,0.0189389,0,3
326.48,-86.899,0,0,0,0.999504,-0.0315012,0,3
325.237,-86.9812,0,0,0,0.999997,-0.00230956,0,3
324.013,-87.0332,0,0,0,0.999776,0.021167,0,3
322.862,-87.0586,0,0,0,0.999991,-0.00423313,0,3
321.816,-87.0863,0,0,0,0.999981,0.00619029,0,3
320.643,-87.0776,0,0,0,0.999979,0.00645956,0,3
319.534,-87.0987,0,0,0,0.999885,-0.0151589,0,3
318.293,-87.0971,0,0,0,0.99992,0.0126768,0,3
317.076,-87.0556,0,0,0,0.999615,0.0277465,0,3
315.869,-86.9403,0,0,0,0.999999,0.00142502,0,3
314.677,-86.8117,0,0,0,0.999912,0.0132689,0,3
313.538,-86.6735,0,0,0,0.999856,0.0169597,0,3
312.38,-86.5639,0,0,0,0.999727,0.0233539,0,3
311.217,-86.4196,0,0,0,0.999755,0.0221226,0,3
310.184,-86.3461,0,0,0,0.999974,0.00726196,0,3
309.006,-86.3074,0,0,0,0.999884,0.0152017,0,3
307.767,-86.269,0,0,0,0.999996,0.00296045,0,3
306.564,-86.226,0,0,0,0.999081,-0.0428605,0,3
305.478,-86.2597,0,0,0,0.999753,-0.0222425,0,3
304.421,-86.3652,0,0,0,0.999816,-0.0192061,0,3
303.343,-86.3859,0,0,0,0.999985,-0.00547354,0,3
302.104,-86.2613,0,0,0,0.999964,0.00852223,0,3
301.051,-86.1858,0,0,0,0.999876,0.0157425,0,3
299.862,-86.0833,0,0,0,0.999707,0.0242176,0,3
298.816,-85.9274,0,0,0,0.999651,0.0263989,0,3
297.591,-85.8304,0,0,0,0.999437,0.033559,0,3
296.416,-85.6987,0,0,0,0.999561,0.0296148,0,3
295.209,-85.6498,0,0,0,0.999859,0.016777,0,3
294.032,-85.5704,0,0,0,0.999719,0.0236967,0,3
292.852,-85.5146,0,0,0,0.999353,-0.035958,0,3
291.615,-85.5415,0,0,0,0.999999,0.00134886,0,3
290.62,-85.3853,0,0,0,0.998059,0.0622762,0,3
289.501,-85.0873,0,0,0,0.998542,0.0539844,0,3
288.303,-84.9802,0,0,0,0.999524,0.0308569,0,3
287.302,-84.9637,0,0,0,0.999967,0.00808113,0,3
286.11,-84.9597,0,0,0,0.999986,0.00529126,0,3
284.957,-84.9725,0,0,0,0.99959,-0.0286186,0,3
283.74,-85.0937,0,0,0,0.99889,-0.0471063,0,3
282.5,-85.1536,0,0,0,0.994411,-0.105577,0,3
281.258,-85.0954,0,0,0,0.997584,-0.0694746,0,3
280.188,-84.8583,0,0,0,0.998951,-0.0458015,0,3
278.925,-84.7671,0,0,0,0.999956,-0.0093735,0,3
277.704,-84.6196,0,0,0,0.999984,-0.00568605,0,3
276.646,-84.539,0,0,0,0.999993,0.00387201,0,3
275.447,-84.5218,0,0,0,0.999975,0.00712337,0,3
274.441,-84.4624,0,0,0,0.999987,0.00510991,0,3
273.404,-84.4754,0,0,0,0.999824,0.0187433,0,3
272.396,-84.3854,0,0,0,0.99971,0.0240691,0,3
271.201,-84.2669,0,0,0,0.999411,0.0343089,0,3
270.17,-84.1512,0,0,0,0.999215,0.0396222,0,3
269.052,-84.0656,0,0,0,0.999127,0.0417684,0,3
267.869,-83.9679,0,0,0,0.998972,-0.0453239,0,3
266.85,-83.9492,0,0,0,0.999329,-0.0366344,0,3
265.609,-83.8505,0,0,0,0.999834,0.0182191,0,3
264.437,-83.8012,0,0,0,0.999995,-0.00326349,0,3
263.179,-83.7983,0,0,0,0.99986,-0.0167056,0,3
262.069,-83.7948,0,0,0,0.950294,-0.311353,0,3
261.08,-84.3116,0,0,0,0.99973,0.0232165,0,3
260.073,-84.0889,0,0,0,0.999044,0.0437216,0,3
258.929,-83.6274,0,0,0,0.994426,0.105436,0,3
257.858,-83.1501,0,0,0,0.989572,0.144039,0,3
256.916,-82.7809,0,0,0,0.980537,0.196333,0,3
255.971,-82.2574,0,0,0,0.97988,0.199587,0,3
254.937,-81.8041,0,0,0,0.977914,0.209008,0,3
253.961,-81.2069,0,0,0,0.974256,0.225444,0,3
252.958,-80.6452,0,0,0,0.972709,0.23203,0,3
251.957,-80.04,0,0,0,0.96677,0.255646,0,3
251.333,-79.1467,0,0,0,0.81665,0.577133,0,3
251.137,-78.0753,0,0,0,0.702006,0.712171,0,3
251.306,-77.0764,0,0,0,0.584389,0.811474,0,3
251.652,-76.0195,0,0,0,0.646395,0.763003,0,3
251.534,-75.5273,0,0,0,0.899658,0.436595,0,3
250.731,-75.0997,0,0,0,0.998531,0.0541785,0,3
249.554,-75.0489,0,0,0,0.998875,0.0474269,0,3
248.531,-74.9513,0,0,0,0.999905,-0.0137727,0,3
247.295,-74.9343,0,0,0,1,0.000915325,0,3
246.121,-74.897,0,0,0,0.999441,0.033434,0,3
245.007,-74.7417,0,0,0,0.998452,0.0556218,0,3
243.771,-74.5902,0,0,0,0.999075,0.0429969,0,3
242.619,-74.4186,0,0,0,0.999406,0.0344625,0,3
242.152,-74.3611,0,0,0,0.999458,0.0329205,0,3
241.084,-74.2598,0,0,0,0.999076,0.0429767,0,3
239.922,-74.1823,0,0,0,0.99949,0.0319356,0,3
238.743,-74.0825,0,0,0,0.999083,0.0428199,0,3
237.537,-73.9917,0,0,0,0.998755,0.0498885,0,3
236.308,-73.8404,0,0,0,0.998349,0.0574371,0,3
235.132,-73.6981,0,0,0,0.999031,0.0440233,0,3
234.031,-73.5587,0,0,0,0.998321,0.0579251,0,3
232.795,-73.4342,0,0,0,0.998952,0.0457624,0,3
231.604,-73.3821,0,0,0,0.999756,0.0220951,0,3
230.441,-73.2428,0,0,0,0.999414,0.0342425,0,3
229.316,-73.0794,0,0,0,0.99979,0.0204962,0,3
228.144,-73.0455,0,0,0,0.999772,0.0213714,0,3
227.005,-72.7934,0,0,0,0.985095,0.172012,0,3
226.029,-72.2809,0,0,0,0.949538,0.313652,0,3
225.278,-71.4008,0,0,0,0.901378,0.433033,0,3
224.72,-70.3318,0,0,0,0.795937,0.605379,0,3
224.59,-69.1796,0,0,0,0.729387,0.684101,0,3
224.593,-68.1643,0,0,0,0.691068,0.72279,0,3
224.581,-67.1422,0,0,0,0.68778,0.725919,0,3
224.621,-65.907,0,0,0,0.662544,0.749023,0,3
224.779,-64.6574,0,0,0,0.668317,0.743877,0,3
224.921,-63.3452,0,0,0,0.662712,0.748874,0,3
224.945,-62.1517,0,0,0,0.737838,0.674977,0,3
224.854,-60.8785,0,0,0,0.702092,0.712087,0,3
224.916,-59.6597,0,0,0,0.682533,0.730855,0,3
225.024,-58.4562,0,0,0,0.682274,0.731097,0,3
225.11,-57.2495,0,0,0,0.708512,0.705699,0,3
225.135,-56.0392,0,0,0,0.701818,0.712356,0,3
225.12,-54.7918,0,0,0,0.696553,0.717505,0,3
225.176,-53.5782,0,0,0,0.686873,0.726777,0,3
225.334,-52.4045,0,0,0,0.678703,0.734413,0,3
225.381,-51.1544,0,0,0,0.679766,0.733429,0,3
225.496,-49.9932,0,0,0,0.677752,0.735291,0,3
225.587,-48.7065,0,0,0,0.689089,0.724677,0,3
225.665,-47.462,0,0,0,0.70802,0.706192,0,3
225.664,-46.2045,0,0,0,0.700578,0.713576,0,3
225.727,-44.952,0,0,0,0.691647,0.722236,0,3
225.866,-43.7299,0,0,0,0.713909,0.700238,0,3
225.942,-42.5199,0,0,0,0.707162,0.707052,0,3
226.059,-41.2425,0,0,0,0.703761,0.710437,0,3
226.095,-39.9903,0,0,0,0.695089,0.718924,0,3
226.288,-38.7966,0,0,0,0.684144,0.729347,0,3
226.351,-37.5727,0,0,0,0.682636,0.730759,0,3
226.572,-36.3349,0,0,0,0.669582,0.742738,0,3
226.808,-35.1511,0,0,0,0.661711,0.749759,0,3
227.017,-33.9184,0,0,0,0.652345,0.757923,0,3
227.127,-32.7442,0,0,0,0.676325,0.736604,0,3
227.314,-31.5825,0,0,0,0.684977,0.728564,0,3
227.424,-30.354,0,0,0,0.67886,0.734268,0,3
227.51,-29.0841,0,0,0,0.673134,0.739521,0,3
227.624,-27.9085,0,0,0,0.669283,0.743008,0,3
227.754,-26.6917,0,0,0,0.692293,0.721617,0,3
227.771,-25.4945,0,0,0,0.721502,0.692413,0,3
227.785,-24.2749,0,0,0,0.70545,0.70876,0,3
227.849,-23.0613,0,0,0,0.69875,0.715366,0,3
227.966,-21.8322,0,0,0,0.683203,0.730229,0,3
228.051,-20.6418,0,0,0,0.69856,0.715551,0,3
228.17,-19.4402,0,0,0,0.687469,0.726214,0,3
228.37,-18.2482,0,0,0,0.674949,0.737865,0,3
228.681,-16.9828,0,0,0,0.666963,0.745091,0,3
228.805,-15.842,0,0,0,0.680763,0.732504,0,3
228.933,-14.6011,0,0,0,0.671978,0.740571,0,3
229.168,-13.412,0,0,0,0.682743,0.730659,0,3
229.271,-12.1817,0,0,0,0.703035,0.711155,0,3
229.279,-10.9353,0,0,0,0.702565,0.71162,0,3
229.375,-9.73747,0,0,0,0.69128,0.722587,0,3
229.45,-8.50445,0,0,0,0.693186,0.720758,0,3
229.414,-7.22385,0,0,0,0.709363,0.704844,0,3
229.471,-6.00657,0,0,0,0.702987,0.711202,0,3
229.463,-4.77041,0,0,0,0.703768,0.71043,0,3
229.63,-3.50112,0,0,0,0.68784,0.725862,0,3
229.725,-2.29887,0,0,0,0.68265,0.730745,0,3
229.797,-1.09581,0,0,0,0.683156,0.730273,0,3
229.849,0.122628,0,0,0,0.699119,0.715005,0,3
229.874,1.34606,0,0,0,0.697235,0.716843,0,3
229.924,2.57187,0,0,0,0.686344,0.727277,0,3
230.105,3.76752,0,0,0,0.679454,0.733718,0,3
230.369,4.94671,0,0,0,0.667621,0.744501,0,3
230.463,6.14185,0,0,0,0.665779,0.746149,0,3
230.77,7.15746,0,0,0,0.650166,0.759792,0,3
230.938,8.36485,0,0,0,0.747121,0.664688,0,3
230.803,9.45935,0,0,0,0.77295,0.634466,0,3
230.456,10.6261,0,0,0,0.82804,0.560669,0,3
230.002,11.7974,0,0,0,0.84866,0.528939,0,3
229.485,12.8777,0,0,0,0.859133,0.511753,0,3
228.925,13.7998,0,0,0,0.914673,0.404195,0,3
228.111,14.5671,0,0,0,0.947128,0.320855,0,3
227.234,15.1257,0,0,0,0.977439,0.211218,0,3
226.232,15.5337,0,0,0,0.989182,0.146692,0,3
225.182,15.8319,0,0,0,0.994051,0.108918,0,3
224.154,16.1438,0,0,0,0.992034,0.125974,0,3
222.994,16.3586,0,0,0,0.99946,0.0328672,0,3
221.802,16.4987,0,0,0,0.998766,0.0496578,0,3
220.584,16.6572,0,0,0,0.999107,0.0422513,0,3
219.356,16.7138,0,0,0,0.99948,0.0322369,0,3
218.161,16.8501,0,0,0,0.998671,0.051539,0,3
216.966,17.086,0,0,0,0.997328,0.0730476,0,3
215.785,17.3105,0,0,0,0.997168,0.0752053,0,3
214.598,17.5596,0,0,0,0.995913,0.090321,0,3
213.422,17.804,0,0,0,0.997672,0.0682009,0,3
212.194,17.9074,0,0,0,0.99846,0.0554805,0,3
210.974,18.1205,0,0,0,0.99868,0.0513681,0,3
209.785,18.2782,0,0,0,0.999125,0.0418353,0,3
208.557,18.428,0,0,0,0.999916,0.0129733,0,3
207.368,18.4933,0,0,0,0.999679,0.0253493,0,3
206.173,18.6439,0,0,0,0.999291,0.0376364,0,3
204.958,18.7708,0,0,0,0.998678,0.0514122,0,3
203.782,19.0561,0,0,0,0.998626,0.0524087,0,3
202.578,19.1064,0,0,0,0.999552,0.0299336,0,3
201.409,19.2729,0,0,0,0.998788,0.0492247,0,3
200.207,19.4106,0,0,0,0.998576,0.053357,0,3
198.976,19.5086,0,0,0,0.998445,0.0557546,0,3
197.759,19.7837,0,0,0,0.997484,0.070896,0,3
196.577,19.9111,0,0,0,0.999881,0.0154341,0,3
195.388,20.0555,0,0,0,0.999874,0.0158728,0,3
194.183,20.0371,0,0,0,0.999869,0.01617,0,3
192.972,20.1788,0,0,0,0.999736,0.0229606,0,3
191.795,20.3602,0,0,0,0.99916,0.0409855,0,3
190.547,20.6464,0,0,0,0.999629,0.0272266,0,3
189.87,21.9356,0,0,0,0.99962,0.0275721,0,3
188.727,22.1401,0,0,0,0.999921,0.012542,0,3
187.532,22.2213,0,0,0,0.999619,0.0276052,0,3
186.339,22.2888,0,0,0,1,0.00041839,0,3
185.166,22.366,0,0,0,0.999635,0.0270307,0,3
183.985,22.4762,0,0,0,0.999385,0.0350586,0,3
182.793,22.6186,0,0,0,0.998693,0.0511089,0,3
181.584,22.663,0,0,0,0.999987,0.00508993,0,3
180.406,22.7008,0,0,0,0.99999,0.00443334,0,3
179.178,22.7018,0,0,0,0.999976,0.00696859,0,3
177.991,22.7934,0,0,0,0.999604,0.028147,0,3
176.789,22.8635,0,0,0,0.999991,0.00431984,0,3
175.569,22.8395,0,0,0,0.999979,0.00642586,0,3
174.37,22.9114,0,0,0,0.999987,0.00509932,0,3
173.165,22.9772,0,0,0,1,-0.000368909,0,3
171.974,23.1386,0,0,0,0.999794,0.0203116,0,3
170.809,23.2193,0,0,0,0.999293,0.0376082,0,3
169.619,23.2208,0,0,0,0.999528,-0.0307112,0,3
168.424,23.1644,0,0,0,0.999927,0.012097,0,3
167.205,23.0867,0,0,0,0.999769,0.0214934,0,3
165.979,23.1282,0,0,0,0.999536,0.0304616,0,3
164.782,23.1113,0,0,0,0.999367,0.0355691,0,3
163.549,23.1809,0,0,0,0.999103,0.0423531,0,3
162.349,23.3686,0,0,0,0.998188,0.0601746,0,3
161.147,23.4007,0,0,0,0.999689,0.024958,0,3
159.979,23.652,0,0,0,0.998818,0.0486097,0,3
158.754,23.6698,0,0,0,0.999896,0.014391,0,3
157.525,23.6789,0,0,0,0.999825,-0.0187203,0,3
156.316,23.5307,0,0,0,0.999933,0.0116113,0,3
155.155,23.6569,0,0,0,0.999461,0.0328185,0,3
153.976,23.7117,0,0,0,0.99977,0.0214477,0,3
152.787,23.9321,0,0,0,0.99916,0.0409797,0,3
151.587,24.1178,0,0,0,0.998753,0.0499181,0,3
150.385,24.4129,0,0,0,0.998985,0.0450366,0,3
149.19,24.6655,0,0,0,0.999016,0.0443617,0,3
148.001,24.783,0,0,0,0.998585,0.0531715,0,3
146.979,24.8779,0,0,0,0.998345,0.057511,0,3
145.788,25.1894,0,0,0,0.997402,0.072032,0,3
144.75,25.2542,0,0,0,0.99783,0.0658466,0,3
143.566,25.3049,0,0,0,0.999422,0.0339836,0,3
142.361,25.4003,0,0,0,0.999549,0.0300134,0,3
141.571,26.1322,0,0,0,0.999835,0.0181586,0,3
140.314,26.2171,0,0,0,0.999519,0.0310054,0,3
139.122,26.2685,0,0,0,0.999668,0.0257848,0,3
137.907,26.3466,0,0,0,0.999948,0.0101866,0,3
136.662,26.3436,0,0,0,0.999794,0.0202813,0,3
135.401,26.2973,0,0,0,0.999961,0.00888797,0,3
134.16,26.2895,0,0,0,0.999595,0.0284463,0,3
132.966,26.49,0,0,0,0.998885,0.0472116,0,3
131.725,26.6395,0,0,0,0.998379,0.0569229,0,3
130.519,26.712,0,0,0,0.998816,0.0486522,0,3
129.278,26.7984,0,0,0,0.999321,0.0368471,0,3
128.09,27.0024,0,0,0,0.999601,0.0282415,0,3
126.839,26.8423,0,0,0,0.999625,-0.0273727,0,3
125.579,26.7282,0,0,0,0.99996,-0.00890488,0,3
124.356,26.8208,0,0,0,0.999985,-0.00553151,0,3
123.153,26.8887,0,0,0,0.999994,0.00348546,0,3
121.948,26.9796,0,0,0,0.999916,0.0129771,0,3
120.736,27.0085,0,0,0,0.999772,0.021372,0,3
119.528,27.0506,0,0,0,0.9998,0.0199955,0,3
118.314,27.2278,0,0,0,0.999534,0.0305108,0,3
117.081,27.2929,0,0,0,0.999459,0.0328875,0,3
115.838,27.4157,0,0,0,0.999493,0.0318541,0,3
114.626,27.6532,0,0,0,0.999614,0.0277741,0,3
113.378,27.7812,0,0,0,0.999636,0.0269625,0,3
112.157,28.0637,0,0,0,0.999134,0.0416037,0,3
110.898,28.0845,0,0,0,0.998874,0.0474474,0,3
109.689,28.2392,0,0,0,0.999404,0.034508,0,3
108.424,28.309,0,0,0,0.999345,0.0361912,0,3
107.173,28.4384,0,0,0,0.999448,0.0332326,0,3
105.919,28.4647,0,0,0,0.999686,-0.0250444,0,3
104.702,28.3476,0,0,0,0.999986,-0.0053369,0,3
103.489,28.4523,0,0,0,0.999978,0.0066576,0,3
102.328,28.5272,0,0,0,0.9996,0.028265,0,3
101.131,28.6347,0,0,0,0.999865,0.0164118,0,3
99.9024,28.8075,0,0,0,0.999878,0.0156394,0,3
98.7076,28.9765,0,0,0,0.999251,0.038709,0,3
97.4472,29.1447,0,0,0,0.998864,0.0476584,0,3
96.2231,29.346,0,0,0,0.999251,0.038699,0,3
94.9753,29.5222,0,0,0,0.999071,0.0430852,0,3
93.7643,29.7741,0,0,0,0.998316,0.058009,0,3
92.5351,29.9987,0,0,0,0.998057,0.062304,0,3
91.3002,30.2269,0,0,0,0.997883,0.0650322,0,3
90.0761,30.3273,0,0,0,0.998838,0.0481952,0,3
88.8924,30.4439,0,0,0,0.999769,0.0214834,0,3
87.6878,30.5189,0,0,0,0.999931,-0.0117667,0,3
86.4543,30.5403,0,0,0,0.999806,-0.0197152,0,3
85.2335,30.5163,0,0,0,0.999874,-0.0158738,0,3
84.0064,30.4854,0,0,0,0.99998,-0.00629562,0,3
82.7853,30.6492,0,0,0,0.999268,0.0382635,0,3
81.5169,30.8877,0,0,0,0.999002,0.0446597,0,3
80.2696,30.9276,0,0,0,0.99949,0.0319236,0,3
79.0776,31.0929,0,0,0,0.999001,0.0446782,0,3
77.828,31.3155,0,0,0,0.999533,0.0305463,0,3
76.5712,31.5816,0,0,0,0.999899,0.0142067,0,3
75.3301,31.6927,0,0,0,0.999526,0.0308001,0,3
74.1445,31.9048,0,0,0,0.999695,0.0247046,0,3
