-1.04704,0.0812951,0,0,0,0.999752,0.0222732,0,3
-2.21357,0.141508,0,0,0,0.999699,0.0245136,0,3
-3.37002,0.194836,0,0,0,0.999748,0.0224463,0,3
-4.4364,0.271428,0,0,0,0.999864,0.0164935,0,3
-5.49184,0.312559,0,0,0,0.999746,0.0225292,0,3
-6.52925,0.41576,0,0,0,0.999314,0.0370422,0,3
-7.59779,0.567209,0,0,0,0.998879,0.0473278,0,3
-8.64954,0.686243,0,0,0,0.999546,0.0301175,0,3
-9.69282,0.775227,0,0,0,0.999322,0.0368156,0,3
-10.7494,0.871066,0,0,0,0.99889,0.0471044,0,3
-11.7909,1.00702,0,0,0,0.9985,0.0547454,0,3
-12.8659,1.10528,0,0,0,0.999818,-0.0190788,0,3
-14.0949,1.12675,0,0,0,0.999862,0.0166325,0,3
-15.3103,1.21542,0,0,0,0.999819,0.0190298,0,3
-16.5262,1.30227,0,0,0,0.999451,0.0331278,0,3
-17.7196,1.4358,0,0,0,0.999034,0.0439507,0,3
-18.9256,1.60101,0,0,0,0.998171,0.0604556,0,3
-20.0986,1.71882,0,0,0,0.998193,0.0600838,0,3
-21.3221,1.93306,0,0,0,0.999382,0.0351608,0,3
-22.4367,2.03655,0,0,0,0.999354,0.0359495,0,3
-23.504,2.17872,0,0,0,0.99945,0.0331474,0,3
-24.5753,2.304,0,0,0,0.999481,0.0322258,0,3
-25.6859,2.39371,0,0,0,0.999242,0.038919,0,3
-26.7822,2.50828,0,0,0,0.999513,0.0311922,0,3
-27.8792,2.63168,0,0,0,0.999251,0.0386883,0,3
-28.9682,2.7069,0,0,0,0.999288,0.0377313,0,3
-30.0497,2.82393,0,0,0,0.999279,0.0379706,0,3
-31.1437,2.94291,0,0,0,0.999223,0.0394137,0,3
-32.2262,2.97513,0,0,0,0.999986,0.00525276,0,3
-33.3192,3.00023,0,0,0,0.999896,0.0144349,0,3
-34.4158,3.08367,0,0,0,0.999513,0.0312164,0,3
-35.4847,3.19269,0,0,0,0.99962,0.0275486,0,3
-36.5742,3.3151,0,0,0,0.999345,0.0361799,0,3
-37.6972,3.46555,0,0,0,0.99893,0.0462467,0,3
-38.7772,3.65426,0,0,0,0.998448,0.0557004,0,3
-39.8801,3.86904,0,0,0,0.997373,0.0724324,0,3
-40.9413,4.09736,0,0,0,0.997116,0.0758969,0,3
-42.0071,4.31923,0,0,0,0.998551,0.0538107,0,3
-43.1161,4.50058,0,0,0,0.997955,0.0639229,0,3
-44.2015,4.72211,0,0,0,0.997247,0.0741525,0,3
-45.2745,4.88385,0,0,0,0.996094,0.0882983,0,3
-46.3577,5.0884,0,0,0,0.996708,0.0810737,0,3
-47.4463,5.26856,0,0,0,0.997792,0.0664229,0,3
-48.5266,5.43881,0,0,0,0.998661,0.0517295,0,3
-49.5861,5.67365,0,0,0,0.99733,0.0730297,0,3
-50.6413,5.86651,0,0,0,0.996916,0.0784809,0,3
-51.7204,6.12619,0,0,0,0.99606,0.0886777,0,3
-52.7857,6.35685,0,0,0,0.995521,0.0945434,0,3
-53.8461,6.60713,0,0,0,0.994472,0.104998,0,3
-54.9222,6.87256,0,0,0,0.99365,0.112514,0,3
-55.9867,7.15187,0,0,0,0.988482,0.15134,0,3
-57.0618,7.4309,0,0,0,0.987846,0.155436,0,3
-58.0113,7.9518,0,0,0,0.949421,0.314006,0,3
-58.8845,8.64301,0,0,0,0.9429,0.333075,0,3
-59.7036,9.48177,0,0,0,0.906762,0.421644,0,3
-60.3289,10.3943,0,0,0,0.875031,0.484067,0,3
-60.9126,11.3288,0,0,0,0.877211,0.480105,0,3
-61.4796,12.2926,0,0,0,0.873706,0.486454,0,3
-62.0469,13.2693,0,0,0,0.848299,0.529518,0,3
-62.4086,14.3512,0,0,0,0.796521,0.604611,0,3
-62.6307,15.5025,0,0,0,0.770679,0.637224,0,3
-62.7119,16.6213,0,0,0,0.749954,0.66149,0,3
-62.8197,17.7311,0,0,0,0.747055,0.664762,0,3
-62.9412,18.8396,0,0,0,0.747797,0.663927,0,3
-63.0251,19.9509,0,0,0,0.7366,0.676328,0,3
-63.1649,21.044,0,0,0,0.750476,0.660897,0,3
-63.4484,22.1083,0,0,0,0.867152,0.498043,0,3
-63.9798,23.0484,0,0,0,0.904984,0.425445,0,3
-64.879,23.8382,0,0,0,0.970899,0.23949,0,3
-65.8992,24.2006,0,0,0,0.998702,0.0509249,0,3
-66.9957,24.2548,0,0,0,0.999989,0.00459075,0,3
-68.0841,24.3226,0,0,0,0.99982,0.0189614,0,3
-69.1882,24.3835,0,0,0,0.999799,0.0200377,0,3
-70.2976,24.4717,0,0,0,0.999407,0.0344233,0,3
-71.4042,24.5988,0,0,0,0.999797,0.0201391,0,3
-72.5252,24.6373,0,0,0,0.999971,0.00761638,0,3
-73.6153,24.6892,0,0,0,0.999752,0.0222751,0,3
-74.6974,24.8406,0,0,0,0.996532,0.0832048,0,3
-75.7864,25.0649,0,0,0,0.993137,0.116958,0,3
-76.8327,25.4849,0,0,0,0.974805,0.22306,0,3
-77.7851,26.003,0,0,0,0.964762,0.263125,0,3
-78.6741,26.6278,0,0,0,0.92239,0.38626,0,3
-79.3183,27.4376,0,0,0,0.896924,0.442184,0,3
-80.1318,28.3589,0,0,0,0.963262,0.268565,0,3
-81.0358,28.9444,0,0,0,0.978757,0.205024,0,3
-82.0284,29.3485,0,0,0,0.994381,0.105864,0,3
-83.1217,29.406,0,0,0,0.997168,-0.0752045,0,3
-84.1888,29.1158,0,0,0,0.975936,-0.218057,0,3
-85.096,28.4433,0,0,0,0.900721,-0.434398,0,3
-85.5578,27.4899,0,0,0,-0.77477,0.632243,0,3
-85.7,26.4166,0,0,0,-0.715091,0.699032,0,3
-85.7833,25.3359,0,0,0,-0.721003,0.692932,0,3
-85.8795,24.2504,0,0,0,-0.728926,0.684593,0,3
-85.9699,23.1723,0,0,0,-0.730155,0.683281,0,3
-86.0327,22.1006,0,0,0,-0.725746,0.687962,0,3
-86.0853,20.9907,0,0,0,-0.720741,0.693205,0,3
-86.1394,19.8755,0,0,0,-0.715485,0.698628,0,3
-86.1653,18.7955,0,0,0,-0.712247,0.701929,0,3
-86.2204,17.7138,0,0,0,-0.72298,0.690869,0,3
-86.3242,16.6112,0,0,0,-0.729198,0.684303,0,3
-86.3975,15.5359,0,0,0,-0.731524,0.681816,0,3
-86.5329,14.437,0,0,0,-0.740286,0.672292,0,3
-86.6402,13.339,0,0,0,-0.737233,0.675638,0,3
-86.7601,12.2406,0,0,0,-0.738075,0.674719,0,3
-86.8543,11.1477,0,0,0,-0.735799,0.6772,0,3
-86.855,10.0584,0,0,0,-0.636317,0.771428,0,3
-86.4756,9.01654,0,0,0,-0.499143,0.866519,0,3
-85.7392,8.093,0,0,0,-0.338759,0.940873,0,3
-84.8227,7.57436,0,0,0,-0.194083,0.980985,0,3
-83.8272,7.24503,0,0,0,-0.110698,0.993854,0,3
-82.7567,7.07852,0,0,0,-0.0498664,0.998756,0,3
-82.477,7.06825,0,0,0,-0.0106779,0.999943,0,3
-81.4288,7.08166,0,0,0,0.0566253,0.998396,0,3
-80.3006,7.20589,0,0,0,0.0494682,0.998776,0,3
-79.0834,7.3224,0,0,0,0.0833003,0.996524,0,3
-78.0866,7.55643,0,0,0,0.13795,0.990439,0,3
-77.0404,7.86309,0,0,0,0.157403,0.987534,0,3
-76.0685,8.23978,0,0,0,0.176921,0.984225,0,3
-75.1065,8.64934,0,0,0,0.199603,0.979877,0,3
-74.1196,9.07385,0,0,0,0.19224,0.981348,0,3
-73.1319,9.46017,0,0,0,0.184326,0.982865,0,3
-72.0902,9.76563,0,0,0,0.171683,0.985152,0,3
-71.0245,10.0824,0,0,0,0.157395,0.987536,0,3
-69.9744,10.3581,0,0,0,0.153905,0.988086,0,3
-68.8805,10.637,0,0,0,0.147441,0.989071,0,3
-67.8284,10.9398,0,0,0,0.167179,0.985927,0,3
-66.8466,11.2557,0,0,0,0.152449,0.988311,0,3
-65.8489,11.5561,0,0,0,0.166826,0.985986,0,3
-64.8167,11.9559,0,0,0,0.184827,0.982771,0,3
-63.8168,12.3189,0,0,0,0.217388,0.976085,0,3
-62.8587,12.794,0,0,0,0.303029,0.952981,0,3
-61.9335,13.4304,0,0,0,0.287721,0.957714,0,3
-60.9659,13.9742,0,0,0,0.277221,0.960806,0,3
-60.0267,14.5551,0,0,0,0.295241,0.955423,0,3
-59.1512,15.1027,0,0,0,0.281631,0.959523,0,3
-58.1342,15.6909,0,0,0,0.267647,0.963517,0,3
-57.1537,16.2675,0,0,0,0.260633,0.965438,0,3
-56.2009,16.6585,0,0,0,0.219701,0.975567,0,3
-55.0071,16.9127,0,0,0,0.0917651,0.995781,0,3
-53.8209,17.0457,0,0,0,0.078936,0.99688,0,3
-52.7408,17.1511,0,0,0,0.0647328,0.997903,0,3
-51.7181,17.2064,0,0,0,0.0276115,0.999619,0,3
-50.5483,17.1997,0,0,0,-0.00106342,0.999999,0,3
-49.9077,17.1254,0,0,0,-0.0293939,0.999568,0,3
-48.8375,16.9679,0,0,0,-0.0409953,0.999159,0,3
-47.9706,16.8599,0,0,0,-0.0142253,0.999899,0,3
-46.8778,16.8643,0,0,0,0.0549139,0.998491,0,3
-45.7383,17.0482,0,0,0,0.140945,0.990017,0,3
-44.6097,17.3462,0,0,0,0.114087,0.993471,0,3
-43.4602,17.5386,0,0,0,0.0386474,0.999253,0,3
-42.3414,17.5805,0,0,0,0.00394006,0.999992,0,3
-41.2498,17.5449,0,0,0,0.00106938,0.999999,0,3
-40.1274,17.4906,0,0,0,-0.0207646,0.999784,0,3
-39.0142,17.4329,0,0,0,-0.0274295,0.999624,0,3
-38.7968,17.3976,0,0,0,-0.0334162,0.999442,0,3
-37.6985,17.269,0,0,0,-0.0908216,0.995867,0,3
-36.5129,17.0477,0,0,0,-0.1037,0.994609,0,3
-35.3994,16.769,0,0,0,-0.0414054,0.999142,0,3
-35.1565,16.7225,0,0,0,0.0116405,0.999932,0,3
-34.0604,16.9798,0,0,0,0.308239,0.951309,0,3
-33.1952,17.8176,0,0,0,0.446042,0.895012,0,3
-32.7268,18.785,0,0,0,0.559789,0.828635,0,3
-32.4363,19.9465,0,0,0,0.639688,0.768635,0,3
-32.178,21.0694,0,0,0,0.623856,0.781539,0,3
-31.5768,22.0399,0,0,0,0.446582,0.894743,0,3
-30.6556,22.8639,0,0,0,0.303277,0.952902,0,3
-29.7268,23.3043,0,0,0,0.164361,0.9864,0,3
-28.606,23.3607,0,0,0,0.0159123,0.999873,0,3
-28.1434,23.3739,0,0,0,-0.0391762,0.999232,0,3
-27.0761,23.2034,0,0,0,-0.0585818,0.998283,0,3
-26.0788,23.0682,0,0,0,-0.0612991,0.998119,0,3
-25.0561,22.8956,0,0,0,-0.0689498,0.99762,0,3
-24.037,22.7524,0,0,0,-0.0723381,0.99738,0,3
-22.9931,22.5488,0,0,0,-0.133559,0.991041,0,3
-21.9806,22.2455,0,0,0,-0.131207,0.991355,0,3
-20.9465,22.0238,0,0,0,-0.0897259,0.995966,0,3
-19.8539,21.8295,0,0,0,-0.0914096,0.995813,0,3
-18.7815,21.6788,0,0,0,-0.0501121,0.998744,0,3
-18.5005,21.6488,0,0,0,-0.0195279,0.999809,0,3
-17.4201,21.5815,0,0,0,-0.0195097,0.99981,0,3
-16.8624,21.5132,0,0,0,-0.0308444,0.999524,0,3
-15.7421,21.3831,0,0,0,-0.030127,0.999546,0,3
-15.472,21.3423,0,0,0,-0.0251826,0.999683,0,3
-14.9375,21.3132,0,0,0,-0.0293719,0.999569,0,3
-13.8079,21.2264,0,0,0,-0.0377715,0.999286,0,3
-13.5289,21.2045,0,0,0,-0.0113287,0.999936,0,3
-12.4555,21.1432,0,0,0,-0.0133441,0.999911,0,3
-11.3502,21.0463,0,0,0,-0.0275004,0.999622,0,3
-11.0718,21.0247,0,0,0,-0.030908,0.999522,0,3
-9.95294,20.9368,0,0,0,-0.0410877,0.999156,0,3
-8.8637,20.751,0,0,0,-0.0489565,0.998801,0,3
-7.75121,20.6628,0,0,0,-0.0401896,0.999192,0,3
-6.94668,20.6276,0,0,0,0.0172262,0.999852,0,3
-5.86435,20.8202,0,0,0,0.153603,0.988133,0,3
-4.90686,21.2956,0,0,0,0.301674,0.953411,0,3
-3.94869,21.8409,0,0,0,0.373949,0.927449,0,3
-3.27773,22.6908,0,0,0,0.451963,0.892037,0,3
-2.60671,23.5774,0,0,0,0.438689,0.898639,0,3
-1.95228,24.4409,0,0,0,0.436197,0.899851,0,3
-1.29774,25.2721,0,0,0,0.425764,0.904834,0,3
-0.389606,26.0894,0,0,0,0.292861,0.956155,0,3
0.544988,26.6244,0,0,0,0.180213,0.983628,0,3
1.64131,26.8583,0,0,0,0.0877456,0.996143,0,3
2.74623,26.896,0,0,0,-0.00522012,0.999986,0,3
3.30304,26.9002,0,0,0,-0.0337937,0.999429,0,3
4.3688,26.8513,0,0,0,-0.0463254,0.998926,0,3
5.48923,26.7594,0,0,0,-0.0414822,0.999139,0,3
5.75034,26.7412,0,0,0,-0.0211121,0.999777,0,3
6.83663,26.6849,0,0,0,-0.0424857,0.999097,0,3
7.89561,26.5451,0,0,0,-0.0466235,0.998913,0,3
8.98926,26.384,0,0,0,-0.055289,0.99847,0,3
10.154,26.278,0,0,0,-0.0389891,0.99924,0,3
11.2422,26.1755,0,0,0,-0.0656976,0.99784,0,3
12.3314,26.0829,0,0,0,-0.0289674,0.99958,0,3
12.8433,26.0742,0,0,0,-0.0585837,0.998282,0,3
13.8714,25.898,0,0,0,-0.0405334,0.999178,0,3
14.9157,25.7699,0,0,0,-0.0430236,0.999074,0,3
15.9746,25.6557,0,0,0,-0.0460195,0.998941,0,3
16.6439,25.5988,0,0,0,-0.0266055,0.999646,0,3
17.3306,25.5424,0,0,0,-0.0351124,0.999383,0,3
18.578,25.4442,0,0,0,-0.0224243,0.999749,0,3
19.7727,25.4445,0,0,0,-0.00656104,0.999978,0,3
20.4545,25.3962,0,0,0,-0.0479386,0.99885,0,3
21.5941,25.275,0,0,0,-0.038739,0.999249,0,3
21.8087,25.2451,0,0,0,0.000992611,1,0,3
22.9286,25.1502,0,0,0,-0.0269568,0.999637,0,3
23.9936,25.0283,0,0,0,-0.0309661,0.99952,0,3
25.1134,24.9581,0,0,0,-0.0361901,0.999345,0,3
25.7233,24.8778,0,0,0,-0.0165287,0.999863,0,3
26.8022,24.8604,0,0,0,-0.00283504,0.999996,0,3
27.9214,24.7967,0,0,0,0.0813742,0.996684,0,3
28.974,24.9809,0,0,0,0.141622,0.989921,0,3
29.9989,25.292,0,0,0,0.169197,0.985582,0,3
31.0445,25.6121,0,0,0,0.192858,0.981227,0,3
32.0501,25.9445,0,0,0,0.16952,0.985527,0,3
33.066,26.3154,0,0,0,0.171697,0.98515,0,3
34.0769,26.606,0,0,0,0.225169,0.97432,0,3
35.0511,26.9494,0,0,0,0.228943,0.97344,0,3
35.9842,27.4444,0,0,0,0.269519,0.962995,0,3
36.9108,27.9461,0,0,0,0.145507,0.989357,0,3
38.0146,28.2257,0,0,0,0.129818,0.991538,0,3
39.0397,28.47,0,0,0,0.125076,0.992147,0,3
40.0887,28.7707,0,0,0,0.123701,0.99232,0,3
41.1608,28.9584,0,0,0,0.116528,0.993187,0,3
42.2652,29.1401,0,0,0,0.104346,0.994541,0,3
43.3467,29.2643,0,0,0,0.0277723,0.999614,0,3
44.4431,29.2896,0,0,0,0.00616926,0.999981,0,3
45.5477,29.345,0,0,0,-0.00451976,0.99999,0,3
46.6325,29.3736,0,0,0,0.0260071,0.999662,0,3
47.7276,29.425,0,0,0,0.0128893,0.999917,0,3
48.8076,29.4598,0,0,0,0.00346678,0.999994,0,3
49.9464,29.3093,0,0,0,-0.00766665,0.999971,0,3
51.0503,29.3377,0,0,0,-0.0156102,0.999878,0,3
52.1551,29.1828,0,0,0,-0.0266552,0.999645,0,3
52.9838,29.113,0,0,0,-0.0325104,0.999471,0,3
54.0925,28.98,0,0,0,-0.0449925,0.998987,0,3
55.1995,28.9467,0,0,0,-0.0514887,0.998674,0,3
56.3203,28.7907,0,0,0,-0.0610244,0.998136,0,3
57.3949,28.5771,0,0,0,-0.0618926,0.998083,0,3
58.4707,28.4328,0,0,0,-0.0534847,0.998569,0,3
58.7343,28.361,0,0,0,0.00136029,0.999999,0,3
59.8367,28.1654,0,0,0,-0.0168898,0.999857,0,3
60.9018,28.1427,0,0,0,-0.0183214,0.999832,0,3
62.1542,28.1429,0,0,0,-0.0115244,0.999934,0,3
63.3137,27.9237,0,0,0,-0.0223871,0.999749,0,3
64.4317,27.8087,0,0,0,-0.0261029,0.999659,0,3
64.948,27.7024,0,0,0,-0.0301598,0.999545,0,3
66.0795,27.5593,0,0,0,-0.0336663,0.999433,0,3
67.1271,27.6185,0,0,0,-0.0368559,0.999321,0,3
67.7854,27.4787,0,0,0,0.00638613,0.99998,0,3
68.937,27.3843,0,0,0,0.00336947,0.999994,0,3
70.055,27.2768,0,0,0,-0.0163316,0.999867,0,3
71.1718,27.0868,0,0,0,-0.0240583,0.999711,0,3
72.2518,27.0761,0,0,0,-0.0244568,0.999701,0,3
73.3267,27.0705,0,0,0,-0.0158176,0.999875,0,3
74.4334,27.0413,0,0,0,-0.0107794,0.999942,0,3
75.5133,26.9714,0,0,0,-0.0192573,0.999815,0,3
76.7759,26.7951,0,0,0,-0.0191844,0.999816,0,3
77.8341,26.7382,0,0,0,-0.00846039,0.999964,0,3
78.914,26.6438,0,0,0,-0.0267929,0.999641,0,3
79.9955,26.5927,0,0,0,-0.00130751,0.999999,0,3
81.0662,26.4415,0,0,0,-0.0212595,0.999774,0,3
82.1301,26.2941,0,0,0,-0.0185786,0.999827,0,3
83.2585,26.2691,0,0,0,-0.0107002,0.999943,0,3
84.3391,26.1977,0,0,0,-0.0289249,0.999582,0,3
84.8714,26.1037,0,0,0,-0.0334185,0.999441,0,3
85.9816,25.9493,0,0,0,-0.0484674,0.998825,0,3
87.0954,25.7131,0,0,0,-0.050151,0.998742,0,3
88.291,25.3901,0,0,0,-0.0543025,0.998525,0,3
89.4635,25.1432,0,0,0,-0.0583006,0.998299,0,3
90.0468,25.0081,0,0,0,-0.0166341,0.999862,0,3
91.2234,24.7328,0,0,0,-0.028435,0.999596,0,3
91.5223,24.694,0,0,0,-0.0354232,0.999372,0,3
92.0896,24.6246,0,0,0,-0.0250652,0.999686,0,3
93.2795,24.452,0,0,0,-0.0154221,0.999881,0,3
93.8511,24.328,0,0,0,-0.0306485,0.99953,0,3
95.0492,24.1642,0,0,0,-0.0192757,0.999814,0,3
96.1089,24.0568,0,0,0,-0.0263165,0.999654,0,3
96.4202,23.999,0,0,0,-0.031062,0.999517,0,3
97.4865,23.8419,0,0,0,-0.0371381,0.99931,0,3
98.638,23.7303,0,0,0,-0.0280846,0.999606,0,3
99.7384,23.6377,0,0,0,-0.0308444,0.999524,0,3
100.546,23.5695,0,0,0,-0.0259161,0.999664,0,3
101.618,23.4373,0,0,0,-0.0135267,0.999909,0,3
102.457,23.3401,0,0,0,-0.0293152,0.99957,0,3
103.581,23.1598,0,0,0,-0.0503773,0.99873,0,3
104.66,23.0682,0,0,0,-0.046186,0.998933,0,3
105.159,23.0209,0,0,0,-0.021008,0.999779,0,3
106.387,23.0261,0,0,0,0.0172421,0.999851,0,3
107.398,23.0598,0,0,0,0.0264525,0.99965,0,3
108.583,23.0072,0,0,0,0.0234567,0.999725,0,3
109.602,23.0648,0,0,0,0.0687726,0.997632,0,3
110.711,23.2609,0,0,0,0.0838789,0.996476,0,3
111.502,23.268,0,0,0,-0.0332624,0.999447,0,3
112.159,23.1731,0,0,0,-0.0149947,0.999888,0,3
113.268,23.2011,0,0,0,0.0684657,0.997653,0,3
114.472,23.4324,0,0,0,0.133207,0.991088,0,3
115.607,23.6654,0,0,0,0.116753,0.993161,0,3
116.774,23.8966,0,0,0,0.0694565,0.997585,0,3
117.872,23.995,0,0,0,0.0408688,0.999165,0,3
118.952,24.103,0,0,0,0.0547956,0.998498,0,3
120.039,24.1698,0,0,0,0.0295218,0.999564,0,3
121.129,24.1422,0,0,0,-0.00634098,0.99998,0,3
122.228,24.1122,0,0,0,-2.48163e-05,1,0,3
123.311,24.0056,0,0,0,-0.0252173,0.999682,0,3
123.582,23.9663,0,0,0,-0.031399,0.999507,0,3
123.848,23.9604,0,0,0,-0.0289311,0.999581,0,3
124.125,23.9336,0,0,0,-0.0337598,0.99943,0,3
125.221,23.7349,0,0,0,-0.0249384,0.999689,0,3
126.039,23.6301,0,0,0,-0.0306953,0.999529,0,3
126.312,23.5986,0,0,0,-0.0265148,0.999648,0,3
127.391,23.505,0,0,0,-0.00960518,0.999954,0,3
128.481,23.4639,0,0,0,-0.017909,0.99984,0,3
129.312,23.292,0,0,0,-0.0338553,0.999427,0,3
130.398,23.1744,0,0,0,-0.0444376,0.999012,0,3
131.464,23.0223,0,0,0,-0.0333871,0.999442,0,3
131.744,23.0296,0,0,0,-0.00777228,0.99997,0,3
132.847,23.0397,0,0,0,0.00173224,0.999998,0,3
133.925,23.023,0,0,0,0.00582339,0.999983,0,3
135.043,22.9504,0,0,0,-0.0120851,0.999927,0,3
136.123,22.7849,0,0,0,-0.0186986,0.999825,0,3
137.213,22.5098,0,0,0,-0.0242711,0.999705,0,3
138.303,22.4183,0,0,0,-0.0234128,0.999726,0,3
138.586,22.385,0,0,0,-0.031759,0.999496,0,3
139.122,22.3519,0,0,0,-0.0266119,0.999646,0,3
139.354,22.3636,0,0,0,-0.0292096,0.999573,0,3
140.414,22.2166,0,0,0,-0.0410094,0.999159,0,3
141.474,22.1087,0,0,0,-0.0458486,0.998948,0,3
142.581,21.9276,0,0,0,-0.0292222,0.999573,0,3
142.845,21.9182,0,0,0,-0.00515583,0.999987,0,3
143.932,21.9734,0,0,0,0.00858304,0.999963,0,3
145.027,21.8687,0,0,0,0.00620637,0.999981,0,3
145.905,21.8094,0,0,0,-0.0299197,0.999552,0,3
146.96,21.6562,0,0,0,-0.0176975,0.999843,0,3
148.068,21.5602,0,0,0,-0.0238155,0.999716,0,3
148.338,21.5624,0,0,0,-0.0296188,0.999561,0,3
149.411,21.4297,0,0,0,-0.0469968,0.998895,0,3
150.49,21.4335,0,0,0,-0.0177303,0.999843,0,3
151.017,21.3791,0,0,0,-0.034489,0.999405,0,3
152.07,21.1929,0,0,0,-0.0384038,0.999262,0,3
153.15,21.2311,0,0,0,-0.0264581,0.99965,0,3
154.224,21.1702,0,0,0,-0.0191386,0.999817,0,3
155.305,20.9939,0,0,0,-0.0281132,0.999605,0,3
155.572,20.8844,0,0,0,-0.0388899,0.999244,0,3
156.658,20.8197,0,0,0,-0.0439375,0.999034,0,3
157.464,20.6005,0,0,0,-0.0290582,0.999578,0,3
157.733,20.5988,0,0,0,-0.0333766,0.999443,0,3
158.814,20.4793,0,0,0,-0.0402489,0.99919,0,3
159.882,20.2909,0,0,0,-0.056535,0.998401,0,3
160.147,20.2575,0,0,0,-0.0209091,0.999781,0,3
161.231,20.196,0,0,0,-0.0147612,0.999891,0,3
162.314,20.07,0,0,0,-0.0274161,0.999624,0,3
162.584,20.0375,0,0,0,-0.0312898,0.99951,0,3
163.666,20.0297,0,0,0,-0.0402743,0.999189,0,3
164.751,19.7457,0,0,0,-0.0523545,0.998629,0,3
165.83,19.6931,0,0,0,-0.0359846,0.999352,0,3
166.094,19.6894,0,0,0,-0.0263433,0.999653,0,3
167.154,19.5063,0,0,0,-0.00905657,0.999959,0,3
168.232,19.3944,0,0,0,-0.0249644,0.999688,0,3
168.506,19.4139,0,0,0,-0.0302675,0.999542,0,3
169.587,19.2377,0,0,0,-0.0459586,0.998943,0,3
170.656,19.1131,0,0,0,-0.0569973,0.998374,0,3
171.736,19.0114,0,0,0,-0.0517459,0.99866,0,3
172.018,18.9863,0,0,0,-0.0283665,0.999598,0,3
172.559,18.9248,0,0,0,-0.0333068,0.999445,0,3
173.665,18.7435,0,0,0,-0.0508981,0.998704,0,3
174.726,18.6276,0,0,0,-0.0363904,0.999338,0,3
175.759,18.4639,0,0,0,-0.0583939,0.998294,0,3
176.837,18.3709,0,0,0,-0.0628171,0.998025,0,3
177.943,18.3254,0,0,0,-0.0641976,0.997937,0,3
179.04,18.2119,0,0,0,-0.0488651,0.998805,0,3
180.136,18.1459,0,0,0,-0.0323384,0.999477,0,3
181.194,17.9968,0,0,0,-0.0502496,0.998737,0,3
182.265,17.8437,0,0,0,-0.0513169,0.998682,0,3
183.342,17.7634,0,0,0,-0.0439967,0.999032,0,3
183.892,17.6353,0,0,0,-0.0288158,0.999585,0,3
184.166,17.5889,0,0,0,-0.030365,0.999539,0,3
185.247,17.5968,0,0,0,-0.0251833,0.999683,0,3
185.517,17.5845,0,0,0,-0.0296303,0.999561,0,3
186.621,17.6236,0,0,0,-0.041113,0.999155,0,3
187.678,17.6092,0,0,0,-0.0162224,0.999868,0,3
188.738,17.5542,0,0,0,-0.0282684,0.9996,0,3
189.551,17.4829,0,0,0,-0.0293219,0.99957,0,3
189.823,17.4521,0,0,0,-0.0241863,0.999707,0,3
190.929,17.3812,0,0,0,-0.0218779,0.999761,0,3
191.477,17.3763,0,0,0,-0.031564,0.999502,0,3
192.01,17.3978,0,0,0,-0.0132552,0.999912,0,3
193.138,17.3806,0,0,0,0.000833412,1,0,3
194.229,17.3258,0,0,0,-0.0141169,0.9999,0,3
195.312,17.3244,0,0,0,-0.0147327,0.999891,0,3
196.384,17.1745,0,0,0,-0.014183,0.999899,0,3
196.662,17.1694,0,0,0,-0.0631017,0.998007,0,3
197.761,16.8619,0,0,0,-0.0516863,0.998663,0,3
198.02,16.8072,0,0,0,-0.0286544,0.999589,0,3
199.095,16.7369,0,0,0,-0.022135,0.999755,0,3
199.351,16.6743,0,0,0,-0.0304167,0.999537,0,3
200.435,16.5849,0,0,0,-0.0481533,0.99884,0,3
201.52,16.5057,0,0,0,-0.0411349,0.999154,0,3
201.82,16.5299,0,0,0,-0.0175235,0.999846,0,3
202.943,16.5046,0,0,0,-0.0260526,0.999661,0,3
203.477,16.421,0,0,0,-0.0294311,0.999567,0,3
203.749,16.4113,0,0,0,-0.0177796,0.999842,0,3
204.845,16.4593,0,0,0,-0.0183401,0.999832,0,3
205.643,16.254,0,0,0,-0.0353316,0.999376,0,3
206.75,16.2394,0,0,0,-0.0315037,0.999504,0,3
207.87,16.0376,0,0,0,-0.0438798,0.999037,0,3
208.965,16.3942,0,0,0,-0.0507482,0.998711,0,3
209.786,16.2669,0,0,0,-0.0264193,0.999651,0,3
210.851,16.2024,0,0,0,0.0113396,0.999936,0,3
211.932,16.1126,0,0,0,0.00268087,0.999996,0,3
213.001,15.9989,0,0,0,-0.0245306,0.999699,0,3
213.808,15.9362,0,0,0,-0.0320258,0.999487,0,3
214.876,15.7961,0,0,0,-0.0485976,0.998818,0,3
216.002,15.5501,0,0,0,-0.064095,0.997944,0,3
217.083,15.4153,0,0,0,-0.0782083,0.996937,0,3
218.162,15.2197,0,0,0,-0.0794685,0.996837,0,3
219.262,15.1359,0,0,0,-0.0395141,0.999219,0,3
220.374,15.0006,0,0,0,-0.0423448,0.999103,0,3
220.943,14.9556,0,0,0,-0.0257783,0.999668,0,3
221.5,14.8867,0,0,0,-0.0362434,0.999343,0,3
222.591,14.8548,0,0,0,-0.0401955,0.999192,0,3
223.654,14.6218,0,0,0,-0.0664076,0.997793,0,3
224.762,14.46,0,0,0,-0.0433915,0.999058,0,3
225.802,14.4217,0,0,0,-0.0532377,0.998582,0,3
226.802,14.3444,0,0,0,-0.0438113,0.99904,0,3
227.948,14.2034,0,0,0,-0.0836201,0.996498,0,3
228.981,13.9438,0,0,0,-0.209241,0.977864,0,3
229.779,13.278,0,0,0,-0.442987,0.896528,0,3
230.47,12.504,0,0,0,-0.502971,0.864303,0,3
231.012,11.6084,0,0,0,-0.542139,0.840289,0,3
231.302,10.4854,0,0,0,-0.685197,0.728358,0,3
231.372,9.41868,0,0,0,-0.689271,0.724503,0,3
231.51,8.40985,0,0,0,-0.710692,0.703503,0,3
231.494,7.28292,0,0,0,-0.719791,0.694191,0,3
231.488,6.18141,0,0,0,-0.734858,0.678221,0,3
232.413,5.71928,0,0,0,-0.735274,0.67777,0,3
232.39,4.62388,0,0,0,-0.747627,0.664119,0,3
232.262,3.51876,0,0,0,-0.749722,0.661753,0,3
232.129,2.44353,0,0,0,-0.736486,0.676453,0,3
232.048,1.37614,0,0,0,-0.727311,0.686308,0,3
231.969,0.308697,0,0,0,-0.722573,0.691295,0,3
231.934,-0.747147,0,0,0,-0.716359,0.697732,0,3
231.916,-1.82253,0,0,0,-0.71644,0.697648,0,3
231.887,-2.89724,0,0,0,-0.722605,0.691261,0,3
231.885,-3.98644,0,0,0,-0.709038,0.705171,0,3
231.915,-5.04646,0,0,0,-0.711046,0.703145,0,3
231.896,-6.14872,0,0,0,-0.714167,0.699975,0,3
231.919,-7.23554,0,0,0,-0.701403,0.712765,0,3
231.809,-8.33331,0,0,0,-0.712369,0.701805,0,3
231.308,-9.46278,0,0,0,-0.719212,0.694791,0,3
231.082,-10.5928,0,0,0,-0.728095,0.685477,0,3
230.969,-11.7036,0,0,0,-0.728807,0.684719,0,3
230.936,-12.7924,0,0,0,-0.702821,0.711367,0,3
230.893,-13.9056,0,0,0,-0.705929,0.708283,0,3
230.85,-14.9958,0,0,0,-0.718612,0.695411,0,3
230.776,-16.0887,0,0,0,-0.736044,0.676934,0,3
230.643,-17.1723,0,0,0,-0.740013,0.672593,0,3
230.517,-18.2372,0,0,0,-0.730578,0.682829,0,3
230.48,-19.3384,0,0,0,-0.713161,0.701001,0,3
230.454,-20.4183,0,0,0,-0.715838,0.698267,0,3
230.403,-21.5005,0,0,0,-0.712671,0.701498,0,3
230.295,-22.5641,0,0,0,-0.728621,0.684917,0,3
230.209,-23.641,0,0,0,-0.712762,0.701406,0,3
230.142,-24.7406,0,0,0,-0.727993,0.685585,0,3
230.014,-25.8335,0,0,0,-0.737801,0.675018,0,3
229.811,-26.9041,0,0,0,-0.737048,0.67584,0,3
229.679,-27.9699,0,0,0,-0.734499,0.67861,0,3
229.605,-29.0184,0,0,0,-0.736523,0.676412,0,3
229.461,-30.0805,0,0,0,-0.709813,0.70439,0,3
229.383,-31.1765,0,0,0,-0.710857,0.703336,0,3
229.319,-32.2906,0,0,0,-0.717795,0.696255,0,3
229.151,-33.4163,0,0,0,-0.732222,0.681066,0,3
229.086,-34.5182,0,0,0,-0.736904,0.675997,0,3
229.061,-35.5975,0,0,0,-0.70399,0.710209,0,3
228.929,-36.6749,0,0,0,-0.720301,0.693662,0,3
228.792,-37.7728,0,0,0,-0.729047,0.684464,0,3
228.711,-38.8478,0,0,0,-0.732405,0.680869,0,3
228.688,-39.9387,0,0,0,-0.71651,0.697577,0,3
228.668,-40.9647,0,0,0,-0.71927,0.694731,0,3
228.638,-42.0262,0,0,0,-0.638634,0.769511,0,3
228.67,-43.1637,0,0,0,-0.651077,0.759011,0,3
228.802,-44.303,0,0,0,-0.73827,0.674506,0,3
228.839,-45.4297,0,0,0,-0.716489,0.697598,0,3
228.679,-46.4338,0,0,0,-0.716441,0.697648,0,3
228.806,-47.6847,0,0,0,-0.710396,0.703802,0,3
228.938,-48.7565,0,0,0,-0.713248,0.700912,0,3
228.852,-49.9742,0,0,0,-0.722012,0.691881,0,3
228.823,-51.048,0,0,0,-0.697661,0.716428,0,3
228.793,-52.2305,0,0,0,-0.71382,0.700329,0,3
228.835,-53.4024,0,0,0,-0.703557,0.710639,0,3
228.864,-54.535,0,0,0,-0.710025,0.704176,0,3
228.711,-55.7096,0,0,0,-0.711329,0.70286,0,3
228.769,-56.825,0,0,0,-0.713995,0.700151,0,3
227.737,-58.0589,0,0,0,-0.733071,0.680152,0,3
228.7,-58.7182,0,0,0,-0.668768,0.743471,0,3
227.776,-59.6015,0,0,0,-0.734918,0.678156,0,3
227.726,-60.6513,0,0,0,-0.748974,0.662599,0,3
227.225,-61.7065,0,0,0,-0.738979,0.673728,0,3
227.072,-62.8324,0,0,0,-0.752202,0.658933,0,3
226.945,-63.9643,0,0,0,-0.739825,0.672799,0,3
226.781,-65.0054,0,0,0,-0.755142,0.655561,0,3
226.697,-66.0883,0,0,0,-0.743092,0.669189,0,3
226.886,-67.28,0,0,0,-0.651284,0.758834,0,3
227.234,-67.8994,0,0,0,-0.207842,0.978162,0,3
228.231,-68.1335,0,0,0,-0.0813298,0.996687,0,3
229.466,-68.3004,0,0,0,-0.078403,0.996922,0,3
230.642,-68.4161,0,0,0,-0.0753051,0.997161,0,3
231.78,-68.5429,0,0,0,-0.0809845,0.996715,0,3
232.734,-68.9748,0,0,0,-0.0619578,0.998079,0,3
233.893,-69.2929,0,0,0,-0.0513813,0.998679,0,3
234.98,-69.4666,0,0,0,-0.0432497,0.999064,0,3
236.064,-69.5867,0,0,0,-0.0488056,0.998808,0,3
236.87,-69.6748,0,0,0,-0.0230187,0.999735,0,3
237.945,-69.7254,0,0,0,0.00177352,0.999998,0,3
239.019,-69.6962,0,0,0,-0.00610533,0.999981,0,3
240.087,-69.7556,0,0,0,-0.0266397,0.999645,0,3
241.147,-70.1227,0,0,0,0.0154642,0.99988,0,3
242.198,-69.998,0,0,0,0.201058,0.979579,0,3
243.13,-69.4304,0,0,0,0.379886,0.925033,0,3
243.85,-68.5822,0,0,0,0.498981,0.866613,0,3
244.264,-67.6555,0,0,0,0.605155,0.796108,0,3
244.928,-66.8274,0,0,0,0.624148,0.781306,0,3
245.302,-65.7008,0,0,0,0.603793,0.797141,0,3
245.766,-64.5535,0,0,0,0.471991,0.881603,0,3
246.325,-63.6738,0,0,0,0.479264,0.877671,0,3
246.882,-62.8271,0,0,0,0.433167,0.901313,0,3
247.794,-62.143,0,0,0,0.25465,0.967033,0,3
248.727,-61.6894,0,0,0,0.154732,0.987956,0,3
249.741,-61.444,0,0,0,0.0540521,0.998538,0,3
250.888,-61.4707,0,0,0,-0.00909604,0.999959,0,3
252.121,-61.3624,0,0,0,-0.0317821,0.999495,0,3
253.24,-61.4129,0,0,0,-0.0401796,0.999192,0,3
254.328,-61.5229,0,0,0,-0.0500739,0.998746,0,3
255.395,-61.6227,0,0,0,-0.0412165,0.99915,0,3
256.447,-61.6922,0,0,0,-0.0661373,0.997811,0,3
257.497,-61.7993,0,0,0,-0.0712749,0.997457,0,3
258.564,-61.9071,0,0,0,-0.0402444,0.99919,0,3
259.631,-61.964,0,0,0,-0.045451,0.998967,0,3
260.694,-62.0765,0,0,0,-0.0466831,0.99891,0,3
261.776,-62.1997,0,0,0,-0.0231787,0.999731,0,3
262.292,-62.2549,0,0,0,-0.0374458,0.999299,0,3
263.371,-62.3919,0,0,0,-0.043878,0.999037,0,3
264.459,-62.4744,0,0,0,-0.0529838,0.998595,0,3
265.504,-62.5807,0,0,0,-0.0262885,0.999654,0,3
266.028,-62.5724,0,0,0,-0.0293953,0.999568,0,3
267.077,-62.7531,0,0,0,-0.0471813,0.998886,0,3
268.187,-62.8814,0,0,0,-0.0452675,0.998975,0,3
269.307,-62.9383,0,0,0,-0.0504183,0.998728,0,3
270.369,-63.0917,0,0,0,-0.0575066,0.998345,0,3
271.424,-63.2482,0,0,0,-0.0505626,0.998721,0,3
271.964,-63.398,0,0,0,-0.0226382,0.999744,0,3
272.495,-63.4434,0,0,0,-0.0292339,0.999573,0,3
272.776,-63.435,0,0,0,-0.0261374,0.999658,0,3
273.857,-63.6374,0,0,0,-0.0250036,0.999687,0,3
274.912,-63.9188,0,0,0,-0.0186168,0.999827,0,3
275.97,-64.3127,0,0,0,-0.0175052,0.999847,0,3
277.037,-64.52,0,0,0,-0.00200077,0.999998,0,3
278.096,-64.6923,0,0,0,-0.0136475,0.999907,0,3
279.166,-64.8393,0,0,0,-0.0261732,0.999657,0,3
280.26,-64.9081,0,0,0,0.0209329,0.999781,0,3
281.352,-64.9646,0,0,0,-0.0101605,0.999948,0,3
282.449,-65.0657,0,0,0,-0.0199278,0.999801,0,3
283.523,-65.2018,0,0,0,-0.0251491,0.999684,0,3
284.335,-65.2828,0,0,0,-0.0294388,0.999567,0,3
285.426,-65.379,0,0,0,-0.0359548,0.999353,0,3
286.513,-65.5355,0,0,0,-0.0526574,0.998613,0,3
287.338,-65.6115,0,0,0,-0.0125777,0.999921,0,3
288.431,-65.6592,0,0,0,-0.00554624,0.999985,0,3
289.517,-65.7354,0,0,0,-0.00777391,0.99997,0,3
290.635,-65.8305,0,0,0,-0.0219223,0.99976,0,3
291.47,-65.9288,0,0,0,-0.0310694,0.999517,0,3
291.741,-65.9584,0,0,0,-0.0184052,0.999831,0,3
292.807,-66.0144,0,0,0,-0.0199717,0.999801,0,3
293.906,-66.0699,0,0,0,-0.0171668,0.999853,0,3
294.98,-66.1299,0,0,0,-0.0196631,0.999807,0,3
296.075,-66.2157,0,0,0,-0.0241181,0.999709,0,3
297.162,-66.2721,0,0,0,-0.0185243,0.999828,0,3
298.231,-66.3381,0,0,0,-0.0117794,0.999931,0,3
299.327,-66.4233,0,0,0,-0.0204849,0.99979,0,3
300.436,-66.482,0,0,0,0.0115238,0.999934,0,3
301.545,-66.5046,0,0,0,-0.00282264,0.999996,0,3
302.644,-66.5673,0,0,0,-0.0149685,0.999888,0,3
303.731,-66.6302,0,0,0,-0.022802,0.99974,0,3
304.279,-66.6761,0,0,0,-0.0314034,0.999507,0,3
304.551,-66.6935,0,0,0,-0.0289196,0.999582,0,3
305.087,-66.7279,0,0,0,-0.0306874,0.999529,0,3
306.175,-66.8471,0,0,0,-0.0392127,0.999231,0,3
306.455,-66.8771,0,0,0,-0.0188345,0.999823,0,3
307.523,-66.9648,0,0,0,-0.0222593,0.999752,0,3
308.628,-67.0728,0,0,0,-0.00842078,0.999965,0,3
309.722,-67.1607,0,0,0,-0.0151312,0.999886,0,3
310.847,-67.2603,0,0,0,-0.0250195,0.999687,0,3
311.419,-67.3246,0,0,0,-0.0309024,0.999522,0,3
312.552,-67.4165,0,0,0,-0.0376855,0.99929,0,3
313.629,-67.5421,0,0,0,-0.051182,0.998689,0,3
314.714,-67.6737,0,0,0,-0.0369227,0.999318,0,3
314.978,-67.6979,0,0,0,-0.0215828,0.999767,0,3
316.05,-67.7348,0,0,0,-0.00749404,0.999972,0,3
317.105,-67.7624,0,0,0,-0.0137111,0.999906,0,3
318.208,-67.8348,0,0,0,0.00411319,0.999992,0,3
319.278,-67.8944,0,0,0,-0.0137431,0.999906,0,3
320.39,-67.9909,0,0,0,-0.0206424,0.999787,0,3
321.488,-68.1034,0,0,0,-0.0350554,0.999385,0,3
321.766,-68.1262,0,0,0,-0.0262332,0.999656,0,3
322.044,-68.157,0,0,0,-0.0303029,0.999541,0,3
323.128,-68.2714,0,0,0,-0.0447934,0.998996,0,3
324.233,-68.4205,0,0,0,-0.0175674,0.999846,0,3
325.307,-68.4545,0,0,0,-0.0147499,0.999891,0,3
326.417,-68.5065,0,0,0,0.00631813,0.99998,0,3
327.503,-68.6028,0,0,0,-0.00913193,0.999958,0,3
328.603,-68.7004,0,0,0,-0.0229646,0.999736,0,3
328.886,-68.7289,0,0,0,-0.0294202,0.999567,0,3
329.995,-68.8571,0,0,0,-0.0378419,0.999284,0,3
331.146,-68.9637,0,0,0,-0.0376367,0.999291,0,3
331.962,-69.0721,0,0,0,-0.0252868,0.99968,0,3
333.09,-69.1357,0,0,0,-0.00992378,0.999951,0,3
334.181,-69.256,0,0,0,-0.0143367,0.999897,0,3
335.262,-69.3476,0,0,0,-0.023809,0.999717,0,3
335.812,-69.4141,0,0,0,-0.0307161,0.999528,0,3
336.094,-69.4539,0,0,0,-0.0272358,0.999629,0,3
336.658,-69.5166,0,0,0,-0.029488,0.999565,0,3
337.506,-69.6105,0,0,0,-0.0223373,0.99975,0,3
338.61,-69.6438,0,0,0,0.00991554,0.999951,0,3
339.69,-69.6806,0,0,0,-0.000715493,1,0,3
340.779,-69.7582,0,0,0,-0.0123476,0.999924,0,3
341.863,-69.871,0,0,0,-0.026149,0.999658,0,3
342.969,-69.9574,0,0,0,-0.0302963,0.999541,0,3
343.788,-70.0408,0,0,0,-0.0215307,0.999768,0,3
344.879,-70.1219,0,0,0,-0.0275302,0.999621,0,3
345.982,-70.1605,0,0,0,-0.0154951,0.99988,0,3
347.074,-70.1476,0,0,0,0.0320867,0.999485,0,3
348.179,-70.1142,0,0,0,0.0219617,0.999759,0,3
349.294,-70.1302,0,0,0,0.00825793,0.999966,0,3
350.37,-70.1593,0,0,0,-0.0062784,0.99998,0,3
351.481,-70.258,0,0,0,-0.0204628,0.999791,0,3
352.578,-70.364,0,0,0,-0.0223555,0.99975,0,3
353.688,-70.4361,0,0,0,-0.0303896,0.999538,0,3
354.77,-70.5638,0,0,0,-0.0130813,0.999914,0,3
355.892,-70.6258,0,0,0,0.0107265,0.999942,0,3
356.961,-70.6064,0,0,0,0.0134033,0.99991,0,3
359.18,-70.6961,0,0,0,-0.0315799,0.999501,0,3
360.381,-70.9891,0,0,0,-0.0445747,0.999006,0,3
360.668,-71.0042,0,0,0,-0.0207237,0.999785,0,3
361.735,-71.188,0,0,0,0.0171522,0.999853,0,3
362.778,-71.146,0,0,0,0.0719157,0.997411,0,3
363.895,-71.0071,0,0,0,0.0991161,0.995076,0,3
364.943,-70.8376,0,0,0,0.084094,0.996458,0,3
366.058,-70.6716,0,0,0,0.0828748,0.99656,0,3
367.136,-70.519,0,0,0,0.0767426,0.997051,0,3
368.239,-70.4376,0,0,0,0.05887,0.998266,0,3
369.326,-70.3331,0,0,0,0.0553359,0.998468,0,3
370.405,-70.1773,0,0,0,0.0968026,0.995304,0,3
371.451,-70.0121,0,0,0,0.0901888,0.995925,0,3
372.583,-69.9421,0,0,0,0.0680898,0.997679,0,3
373.664,-69.8151,0,0,0,0.0548132,0.998497,0,3
374.772,-69.7009,0,0,0,0.0486129,0.998818,0,3
375.856,-69.6153,0,0,0,0.0450502,0.998985,0,3
376.934,-69.5654,0,0,0,0.0322168,0.999481,0,3
378.071,-69.5786,0,0,0,0.0210635,0.999778,0,3
380.035,-69.6857,0,0,0,-0.0215957,0.999767,0,3
380.317,-69.7027,0,0,0,-0.031717,0.999497,0,3
381.41,-69.8041,0,0,0,-0.0345401,0.999403,0,3
382.498,-69.9408,0,0,0,-0.0407944,0.999168,0,3
383.583,-70.0694,0,0,0,-0.0532916,0.998579,0,3
384.655,-70.1922,0,0,0,-0.0322696,0.999479,0,3
385.746,-70.3257,0,0,0,-0.0454686,0.998966,0,3
386.831,-70.4689,0,0,0,-0.0310877,0.999517,0,3
387.114,-70.4929,0,0,0,-0.0234408,0.999725,0,3
388.229,-70.5736,0,0,0,-0.00938604,0.999956,0,3
389.344,-70.6327,0,0,0,-0.0102503,0.999947,0,3
390.416,-70.6875,0,0,0,-0.0129098,0.999917,0,3
391.51,-70.735,0,0,0,-0.00791666,0.999969,0,3
392.741,-70.7973,0,0,0,-0.0223322,0.999751,0,3
393.177,-70.8245,0,0,0,-0.0292445,0.999572,0,3
393.437,-70.8436,0,0,0,-0.0285449,0.999593,0,3
394.523,-70.8771,0,0,0,-0.00439099,0.99999,0,3
395.585,-70.9407,0,0,0,-0.014082,0.999901,0,3
396.64,-71.0569,0,0,0,-0.0164951,0.999864,0,3
397.733,-71.1653,0,0,0,-0.0163419,0.999866,0,3
398.826,-71.2389,0,0,0,-0.0167259,0.99986,0,3
399.909,-71.2938,0,0,0,-0.00954033,0.999954,0,3
401.007,-71.339,0,0,0,-0.00282701,0.999996,0,3
402.101,-71.3919,0,0,0,-0.0147588,0.999891,0,3
403.195,-71.4687,0,0,0,0.0109727,0.99994,0,3
404.286,-71.5005,0,0,0,-0.00191743,0.999998,0,3
405.374,-71.5505,0,0,0,-0.0174157,0.999848,0,3
406.462,-71.6222,0,0,0,-0.0231836,0.999731,0,3
407.556,-71.692,0,0,0,-0.0252729,0.999681,0,3
408.644,-71.7869,0,0,0,-0.0170383,0.999855,0,3
409.757,-71.8665,0,0,0,-0.0208352,0.999783,0,3
410.851,-71.9453,0,0,0,-0.0179987,0.999838,0,3
411.943,-72.0101,0,0,0,-0.00908252,0.999959,0,3
413.021,-72.1037,0,0,0,-0.0129473,0.999916,0,3
414.102,-72.1201,0,0,0,0.0203873,0.999792,0,3
415.189,-72.1624,0,0,0,0.00635649,0.99998,0,3
416.261,-72.2086,0,0,0,0.000402536,1,0,3
417.363,-72.2567,0,0,0,-0.00431234,0.999991,0,3
418.465,-72.2361,0,0,0,0.0328228,0.999461,0,3
419.559,-72.2181,0,0,0,0.0201119,0.999798,0,3
420.641,-72.226,0,0,0,0.0131908,0.999913,0,3
421.738,-72.2192,0,0,0,0.00903296,0.999959,0,3
422.83,-72.2654,0,0,0,-0.000224425,1,0,3
424.033,-72.3714,0,0,0,-0.016828,0.999858,0,3
425.118,-72.4092,0,0,0,0.00396407,0.999992,0,3
426.215,-72.4627,0,0,0,-0.0138239,0.999904,0,3
427.315,-72.5561,0,0,0,-0.00638299,0.99998,0,3
428.456,-72.5981,0,0,0,0.0330201,0.999455,0,3
429.561,-72.5667,0,0,0,0.063361,0.997991,0,3
430.669,-72.5028,0,0,0,0.0483514,0.99883,0,3
431.779,-72.3857,0,0,0,0.0521096,0.998641,0,3
432.881,-72.2853,0,0,0,0.0632641,0.997997,0,3
434.004,-72.1788,0,0,0,0.0593108,0.99824,0,3
435.124,-72.0319,0,0,0,0.073743,0.997277,0,3
436.225,-71.8495,0,0,0,0.0910482,0.995846,0,3
437.316,-71.7022,0,0,0,0.0793106,0.99685,0,3
438.407,-71.5636,0,0,0,0.0708473,0.997487,0,3
439.521,-71.4549,0,0,0,0.0649274,0.99789,0,3
440.615,-71.3262,0,0,0,0.0556498,0.99845,0,3
441.677,-71.2421,0,0,0,0.0295919,0.999562,0,3
442.803,-71.2412,0,0,0,0.0241106,0.999709,0,3
443.928,-71.4391,0,0,0,0.0114792,0.999934,0,3
445.069,-71.9359,0,0,0,0.0105903,0.999944,0,3
446.221,-72.46,0,0,0,-0.0246446,0.999696,0,3
446.5,-72.5568,0,0,0,-0.0330897,0.999452,0,3
447.6,-72.7872,0,0,0,-0.0499375,0.998752,0,3
448.694,-72.8903,0,0,0,-0.0403396,0.999186,0,3
449.795,-72.9714,0,0,0,-0.0403896,0.999184,0,3
450.86,-73.1039,0,0,0,-0.033809,0.999428,0,3
451.144,-73.1281,0,0,0,-0.02635,0.999653,0,3
452.248,-73.1889,0,0,0,-0.0166321,0.999862,0,3
453.345,-73.2741,0,0,0,-0.0266,0.999646,0,3
454.433,-73.3565,0,0,0,-0.00710127,0.999975,0,3
455.516,-73.4324,0,0,0,-0.0236072,0.999721,0,3
455.79,-73.4494,0,0,0,-0.0292397,0.999572,0,3
456.058,-73.4591,0,0,0,-0.0256077,0.999672,0,3
456.878,-73.5148,0,0,0,-0.0329714,0.999456,0,3
457.959,-73.6109,0,0,0,-0.0395451,0.999218,0,3
459.062,-73.7233,0,0,0,-0.0104063,0.999946,0,3
460.154,-73.7836,0,0,0,-0.0200439,0.999799,0,3
460.698,-73.8407,0,0,0,-0.0350916,0.999384,0,3
461.765,-73.9502,0,0,0,-0.0347001,0.999398,0,3
462.853,-74.0393,0,0,0,-0.0324715,0.999473,0,3
463.989,-74.1568,0,0,0,-0.037661,0.999291,0,3
464.538,-74.1788,0,0,0,-0.0212711,0.999774,0,3
465.664,-74.2107,0,0,0,-0.0293428,0.999569,0,3
465.937,-74.2357,0,0,0,-0.0246501,0.999696,0,3
467.078,-74.2964,0,0,0,-0.0179368,0.999839,0,3
468.244,-74.3652,0,0,0,0.0147592,0.999891,0,3
469.399,-74.4067,0,0,0,-0.00167797,0.999999,0,3
470.548,-74.4387,0,0,0,0.016903,0.999857,0,3
471.691,-74.4944,0,0,0,0.00183783,0.999998,0,3
472.82,-74.5667,0,0,0,-0.00662216,0.999978,0,3
473.93,-74.616,0,0,0,0.00575489,0.999983,0,3
475.03,-74.6571,0,0,0,-0.00796195,0.999968,0,3
476.142,-74.7457,0,0,0,-0.0202855,0.999794,0,3
477.244,-74.8069,0,0,0,-0.0101115,0.999949,0,3
478.339,-74.8681,0,0,0,-0.0232339,0.99973,0,3
479.527,-74.9605,0,0,0,-0.0241856,0.999707,0,3
479.95,-74.9948,0,0,0,-0.0307063,0.999528,0,3
480.435,-75.0403,0,0,0,-0.0255493,0.999674,0,3
481.659,-75.08,0,0,0,0.000700766,1,0,3
482.687,-75.1517,0,0,0,0.00205029,0.999998,0,3
483.791,-75.1657,0,0,0,0.00523388,0.999986,0,3
484.899,-75.2187,0,0,0,-0.00401873,0.999992,0,3
486.001,-75.2628,0,0,0,-0.00761847,0.999971,0,3
487.118,-75.3607,0,0,0,-0.0300882,0.999547,0,3
488.231,-75.5085,0,0,0,-0.0437038,0.999045,0,3
489.335,-75.6529,0,0,0,-0.0462306,0.998931,0,3
490.421,-75.7847,0,0,0,-0.0294992,0.999565,0,3
490.691,-75.8094,0,0,0,-0.00345273,0.999994,0,3
491.789,-75.8572,0,0,0,0.0224461,0.999748,0,3
492.867,-75.8244,0,0,0,0.010397,0.999946,0,3
493.943,-75.842,0,0,0,0.020246,0.999795,0,3
495.024,-75.856,0,0,0,0.00645729,0.999979,0,3
496.126,-75.8807,0,0,0,-0.00651095,0.999979,0,3
497.225,-75.9404,0,0,0,-0.0165127,0.999864,0,3
498.342,-76.0518,0,0,0,-0.0279029,0.999611,0,3
499.467,-76.0701,0,0,0,-0.00325507,0.999995,0,3
500.56,-76.0819,0,0,0,-0.016038,0.999871,0,3
501.65,-76.1219,0,0,0,-0.00531881,0.999986,0,3
502.737,-76.131,0,0,0,0.0160069,0.999872,0,3
503.822,-76.1055,0,0,0,0.0129951,0.999916,0,3
504.945,-76.0607,0,0,0,0.0279083,0.99961,0,3
506.055,-76.0409,0,0,0,0.0151259,0.999886,0,3
507.155,-76.0682,0,0,0,0.000772784,1,0,3
508.25,-76.0815,0,0,0,0.0154014,0.999881,0,3
509.354,-76.0416,0,0,0,0.0229777,0.999736,0,3
510.434,-76.004,0,0,0,0.0204912,0.99979,0,3
511.519,-75.9937,0,0,0,0.0417931,0.999126,0,3
512.571,-75.9672,0,0,0,-0.0113212,0.999936,0,3
512.836,-75.9914,0,0,0,-0.0474543,0.998873,0,3
513.917,-76.1978,0,0,0,-0.0791388,0.996864,0,3
514.998,-76.5146,0,0,0,-0.191859,0.981422,0,3
515.948,-77.1439,0,0,0,-0.337617,0.941284,0,3
516.797,-78.1427,0,0,0,-0.451035,0.892506,0,3
517.367,-79.1531,0,0,0,-0.532472,0.846448,0,3
517.724,-80.2157,0,0,0,-0.600565,0.799576,0,3
517.967,-81.3253,0,0,0,-0.63778,0.770219,0,3
518.108,-82.4343,0,0,0,-0.682535,0.730853,0,3
518.097,-83.5257,0,0,0,-0.709957,0.704245,0,3
518.021,-84.6424,0,0,0,-0.721304,0.692619,0,3
517.939,-85.7676,0,0,0,-0.722395,0.69148,0,3
517.865,-86.8741,0,0,0,-0.725594,0.688123,0,3
517.846,-87.9119,0,0,0,-0.702504,0.71168,0,3
517.808,-89.0576,0,0,0,-0.69842,0.715688,0,3
517.797,-90.1297,0,0,0,-0.705843,0.708368,0,3
517.721,-91.218,0,0,0,-0.72013,0.693839,0,3
517.612,-92.3424,0,0,0,-0.735539,0.677483,0,3
517.496,-93.4224,0,0,0,-0.727769,0.685822,0,3
517.387,-94.4959,0,0,0,-0.730031,0.683414,0,3
517.26,-95.6201,0,0,0,-0.738782,0.673944,0,3
517.116,-96.7138,0,0,0,-0.74229,0.670078,0,3
516.965,-97.8229,0,0,0,-0.744768,0.667324,0,3
516.744,-98.9141,0,0,0,-0.797272,0.60362,0,3
516.276,-99.9074,0,0,0,0.878538,-0.477673,0,3
515.664,-100.833,0,0,0,0.879212,-0.476431,0,3
514.938,-101.644,0,0,0,0.926833,-0.375473,0,3
514.132,-102.261,0,0,0,0.96575,-0.259476,0,3
513.086,-102.669,0,0,0,0.992564,-0.121726,0,3
511.972,-102.796,0,0,0,0.998151,-0.0607773,0,3
510.859,-102.872,0,0,0,0.998922,-0.0464126,0,3
509.763,-102.907,0,0,0,0.999929,-0.0118965,0,3
508.644,-102.894,0,0,0,1,-0.000405833,0,3
507.513,-102.829,0,0,0,0.999215,0.0396209,0,3
506.41,-102.725,0,0,0,0.998848,0.0479813,0,3
505.346,-102.617,0,0,0,0.999025,0.0441579,0,3
504.241,-102.497,0,0,0,0.998629,0.0523408,0,3
503.116,-102.334,0,0,0,0.998689,0.0511975,0,3
502.039,-102.154,0,0,0,0.997916,0.0645267,0,3
501.008,-102.026,0,0,0,0.998797,0.0490325,0,3
499.95,-101.874,0,0,0,0.998341,0.057578,0,3
498.878,-101.748,0,0,0,0.999539,0.0303758,0,3
497.765,-101.698,0,0,0,0.999973,0.00732379,0,3
496.636,-101.644,0,0,0,0.999911,0.0133366,0,3
495.553,-101.562,0,0,0,0.999676,0.0254696,0,3
494.465,-101.476,0,0,0,0.99963,0.0272092,0,3
493.357,-101.363,0,0,0,0.999422,0.0339872,0,3
492.254,-101.256,0,0,0,0.999276,0.0380584,0,3
491.135,-101.159,0,0,0,0.999791,0.020464,0,3
490.049,-101.067,0,0,0,0.999871,0.0160471,0,3
488.959,-101.053,0,0,0,0.999723,-0.0235407,0,3
487.852,-100.97,0,0,0,0.999929,0.011944,0,3
486.752,-100.87,0,0,0,0.999689,0.0249248,0,3
485.658,-100.79,0,0,0,0.999487,0.0320187,0,3
484.557,-100.69,0,0,0,0.999784,0.0207736,0,3
483.456,-100.61,0,0,0,0.999991,0.00434846,0,3
482.375,-100.595,0,0,0,0.999983,0.00580813,0,3
481.289,-100.602,0,0,0,0.999412,-0.0342739,0,3
480.2,-100.609,0,0,0,0.999304,-0.0372977,0,3
479.1,-100.613,0,0,0,0.999831,-0.0184064,0,3
477.976,-100.564,0,0,0,0.999981,-0.00609638,0,3
476.896,-100.583,0,0,0,0.999912,-0.0132687,0,3
475.785,-100.546,0,0,0,1,0.000242345,0,3
474.716,-100.528,0,0,0,1,0.000473638,0,3
473.622,-100.47,0,0,0,0.999948,0.0101532,0,3
472.501,-100.415,0,0,0,0.999848,0.0174156,0,3
471.357,-100.344,0,0,0,1,-0.000587769,0,3
470.208,-100.253,0,0,0,0.999907,0.0136459,0,3
469.053,-100.127,0,0,0,0.999573,0.0292164,0,3
467.928,-100.023,0,0,0,0.999815,0.019223,0,3
466.799,-99.8995,0,0,0,0.999987,0.0050208,0,3
465.72,-99.8293,0,0,0,0.999688,0.0249913,0,3
464.618,-99.7531,0,0,0,0.999782,0.0208723,0,3
463.526,-99.6224,0,0,0,0.999331,0.0365799,0,3
462.453,-99.456,0,0,0,0.999104,0.0423243,0,3
461.377,-99.2504,0,0,0,0.998375,0.0569916,0,3
460.298,-99.1397,0,0,0,0.999994,0.00337585,0,3
459.216,-99.0923,0,0,0,0.999973,0.00738947,0,3
458.121,-99.0092,0,0,0,0.999593,0.0285418,0,3
457.02,-98.9136,0,0,0,0.999501,0.0315867,0,3
455.926,-98.7857,0,0,0,0.999119,0.0419594,0,3
454.817,-98.6831,0,0,0,0.999241,0.0389553,0,3
453.739,-98.5628,0,0,0,0.999191,0.0402241,0,3
452.649,-98.4438,0,0,0,0.999038,0.0438618,0,3
451.553,-98.3272,0,0,0,0.999793,0.0203451,0,3
450.449,-98.2656,0,0,0,0.99965,0.0264445,0,3
449.362,-98.1812,0,0,0,0.999868,0.016271,0,3
448.242,-98.124,0,0,0,0.999993,0.00374229,0,3
447.171,-98.123,0,0,0,0.999571,-0.0292958,0,3
446.087,-98.1612,0,0,0,0.999196,-0.0400826,0,3
445.008,-98.1993,0,0,0,0.999248,-0.0387644,0,3
443.904,-98.2401,0,0,0,0.998332,-0.0577417,0,3
442.804,-98.2964,0,0,0,0.999149,-0.0412379,0,3
441.699,-98.3436,0,0,0,0.999275,-0.038075,0,3
440.581,-98.3952,0,0,0,0.999572,-0.029249,0,3
439.499,-98.4571,0,0,0,0.999422,-0.0339814,0,3
438.393,-98.4775,0,0,0,0.999777,-0.0211356,0,3
437.298,-98.4911,0,0,0,0.999732,0.0231399,0,3
436.231,-98.412,0,0,0,0.999092,0.0426076,0,3
435.167,-98.1675,0,0,0,0.994705,0.102776,0,3
434.059,-97.9317,0,0,0,0.996826,0.0796094,0,3
432.946,-97.7316,0,0,0,0.997203,0.0747357,0,3
431.805,-97.5168,0,0,0,0.998498,0.0547958,0,3
430.681,-97.3203,0,0,0,0.997754,0.066992,0,3
429.568,-97.1914,0,0,0,0.999709,0.024121,0,3
428.475,-97.1482,0,0,0,0.999821,0.018922,0,3
427.345,-97.0344,0,0,0,0.999592,0.0285518,0,3
426.213,-96.8985,0,0,0,0.999995,0.00302983,0,3
425.129,-96.8707,0,0,0,0.999837,0.0180702,0,3
424.015,-96.8027,0,0,0,0.999999,0.00158848,0,3
422.909,-96.8495,0,0,0,0.99896,-0.0456012,0,3
421.798,-96.8847,0,0,0,0.999464,-0.0327245,0,3
420.65,-96.9184,0,0,0,0.997516,-0.0704406,0,3
419.509,-96.9764,0,0,0,0.998608,-0.0527523,0,3
418.421,-97.0198,0,0,0,0.99887,-0.0475361,0,3
417.312,-97.0418,0,0,0,0.999922,-0.0125064,0,3
416.222,-97.0064,0,0,0,0.999998,-0.00203156,0,3
415.121,-96.9571,0,0,0,0.999646,0.0266057,0,3
414.003,-96.8862,0,0,0,0.999619,0.0275955,0,3
412.918,-96.8298,0,0,0,0.99963,0.027185,0,3
411.79,-96.7309,0,0,0,0.999605,0.0281005,0,3
410.713,-96.5892,0,0,0,0.999171,0.0407196,0,3
409.647,-96.47,0,0,0,0.999977,0.00675719,0,3
408.566,-96.4062,0,0,0,0.9999,0.0141545,0,3
407.474,-96.3032,0,0,0,0.999532,0.0305771,0,3
406.387,-96.2333,0,0,0,0.999346,0.0361687,0,3
405.302,-96.11,0,0,0,0.999705,0.0242722,0,3
404.191,-95.9994,0,0,0,0.999363,0.0356802,0,3
403.088,-95.8297,0,0,0,0.999376,0.0353294,0,3
402.003,-95.7601,0,0,0,0.999788,0.0205965,0,3
400.908,-95.7441,0,0,0,0.999976,-0.00690764,0,3
399.794,-95.7736,0,0,0,0.998382,-0.0568659,0,3
398.7,-95.8222,0,0,0,0.999305,-0.0372734,0,3
397.635,-95.874,0,0,0,0.99952,-0.0309866,0,3
396.561,-95.9172,0,0,0,0.999619,-0.0276129,0,3
395.462,-95.9618,0,0,0,0.999837,-0.0180822,0,3
394.378,-95.9085,0,0,0,0.999904,-0.0138868,0,3
393.293,-95.8663,0,0,0,0.99993,0.0118011,0,3
392.209,-95.7672,0,0,0,0.999725,0.0234292,0,3
391.107,-95.6614,0,0,0,0.999585,0.0288031,0,3
390.006,-95.4562,0,0,0,0.99949,0.0319383,0,3
388.898,-95.2889,0,0,0,0.999265,0.0383303,0,3
387.775,-95.1944,0,0,0,0.999939,-0.0110378,0,3
386.685,-95.2476,0,0,0,0.997652,-0.0684846,0,3
385.604,-95.3726,0,0,0,0.998697,-0.0510315,0,3
384.51,-95.4113,0,0,0,1,0.000634851,0,3
383.412,-95.3436,0,0,0,0.999908,0.0135834,0,3
382.319,-95.2913,0,0,0,0.999937,0.0112288,0,3
381.221,-95.2565,0,0,0,0.999785,-0.0207536,0,3
380.044,-95.3013,0,0,0,0.998639,-0.0521525,0,3
378.899,-95.3149,0,0,0,0.999933,0.0115864,0,3
377.76,-95.244,0,0,0,0.999924,0.0123576,0,3
376.611,-95.0983,0,0,0,0.999878,0.0156163,0,3
375.488,-95.0078,0,0,0,0.999974,0.00715611,0,3
374.45,-94.8928,0,0,0,0.999979,0.00653868,0,3
373.39,-94.8077,0,0,0,0.999951,-0.00987366,0,3
372.317,-94.7443,0,0,0,0.999969,0.00787693,0,3
371.153,-94.742,0,0,0,0.998892,-0.0470522,0,3
370.093,-95.2452,0,0,0,-0.865468,0.500965,0,3
370.033,-96.2787,0,0,0,-0.714047,0.700098,0,3
370.042,-97.445,0,0,0,-0.713275,0.700884,0,3
370.006,-98.6373,0,0,0,-0.733591,0.679591,0,3
369.926,-99.7023,0,0,0,-0.736585,0.676345,0,3
369.805,-100.768,0,0,0,-0.728867,0.684655,0,3
369.702,-101.822,0,0,0,-0.736533,0.676401,0,3
369.624,-102.981,0,0,0,-0.712062,0.702116,0,3
369.621,-104.062,0,0,0,-0.70552,0.70869,0,3
369.552,-105.252,0,0,0,-0.738033,0.674765,0,3
369.452,-106.399,0,0,0,-0.73844,0.674319,0,3
369.353,-107.547,0,0,0,-0.730507,0.682905,0,3
369.221,-108.707,0,0,0,-0.747444,0.664325,0,3
369.027,-109.704,0,0,0,-0.753672,0.657251,0,3
368.796,-110.91,0,0,0,-0.764569,0.644542,0,3
368.559,-111.991,0,0,0,-0.767578,0.640955,0,3
368.341,-113.065,0,0,0,-0.750402,0.660981,0,3
368.158,-114.133,0,0,0,-0.760496,0.649342,0,3
367.929,-115.193,0,0,0,-0.769263,0.638932,0,3
367.739,-116.283,0,0,0,-0.747262,0.66453,0,3
367.625,-117.361,0,0,0,-0.742841,0.669468,0,3
367.472,-118.443,0,0,0,-0.731793,0.681527,0,3
367.337,-119.514,0,0,0,-0.734803,0.67828,0,3
367.16,-120.556,0,0,0,-0.74578,0.666192,0,3
366.978,-121.644,0,0,0,-0.737203,0.675672,0,3
366.797,-123.93,0,0,0,-0.723801,0.690009,0,3
366.72,-124.999,0,0,0,-0.727944,0.685636,0,3
366.641,-126.102,0,0,0,-0.741738,0.67069,0,3
366.475,-127.18,0,0,0,-0.748061,0.663631,0,3
366.346,-128.251,0,0,0,-0.73274,0.680509,0,3
366.252,-129.263,0,0,0,-0.712786,0.701381,0,3
366.171,-130.286,0,0,0,-0.720153,0.693816,0,3
366.061,-131.334,0,0,0,-0.726628,0.687031,0,3
365.931,-132.395,0,0,0,-0.732224,0.681064,0,3
365.831,-133.477,0,0,0,-0.738647,0.674092,0,3
365.702,-134.559,0,0,0,-0.744629,0.667478,0,3
365.569,-135.627,0,0,0,-0.742718,0.669605,0,3
365.435,-136.727,0,0,0,-0.736006,0.676975,0,3
365.327,-137.799,0,0,0,-0.725858,0.687844,0,3
365.307,-138.829,0,0,0,-0.709557,0.704648,0,3
365.225,-139.905,0,0,0,-0.720828,0.693114,0,3
365.146,-140.951,0,0,0,-0.726349,0.687326,0,3
365.055,-141.999,0,0,0,-0.732581,0.68068,0,3
364.92,-143.053,0,0,0,-0.741856,0.670559,0,3
364.812,-144.157,0,0,0,-0.726484,0.687183,0,3
364.682,-145.208,0,0,0,-0.734764,0.678323,0,3
364.541,-146.294,0,0,0,-0.739776,0.672854,0,3
364.379,-147.361,0,0,0,-0.746257,0.665658,0,3
364.218,-148.488,0,0,0,-0.722254,0.691628,0,3
364.134,-149.547,0,0,0,-0.720452,0.693505,0,3
364.005,-150.634,0,0,0,-0.724471,0.689306,0,3
363.869,-151.659,0,0,0,-0.730843,0.682546,0,3
363.726,-152.739,0,0,0,-0.737012,0.67588,0,3
363.582,-153.829,0,0,0,-0.736179,0.676786,0,3
363.478,-154.886,0,0,0,-0.733958,0.679195,0,3
363.365,-155.979,0,0,0,-0.727528,0.686078,0,3
363.268,-157.035,0,0,0,-0.719647,0.69434,0,3
363.148,-158.129,0,0,0,-0.733053,0.680172,0,3
362.968,-159.193,0,0,0,-0.74561,0.666383,0,3
362.794,-160.242,0,0,0,-0.751031,0.660267,0,3
362.607,-161.302,0,0,0,-0.754541,0.656252,0,3
362.459,-162.404,0,0,0,-0.733383,0.679816,0,3
362.327,-163.476,0,0,0,-0.743606,0.668618,0,3
362.154,-164.566,0,0,0,-0.742215,0.670162,0,3
362.016,-165.662,0,0,0,-0.738862,0.673857,0,3
361.882,-166.736,0,0,0,-0.733184,0.68003,0,3
361.747,-167.839,0,0,0,-0.724075,0.689721,0,3
361.707,-168.894,0,0,0,-0.725941,0.687757,0,3
361.576,-169.997,0,0,0,-0.735969,0.677015,0,3
361.446,-171.062,0,0,0,-0.730008,0.683438,0,3
361.345,-172.144,0,0,0,-0.718626,0.695397,0,3
361.337,-173.231,0,0,0,-0.642564,0.766232,0,3
361.555,-174.236,0,0,0,-0.593452,0.804869,0,3
362,-175.309,0,0,0,-0.469727,0.882812,0,3
362.741,-176.145,0,0,0,-0.331269,0.943536,0,3
363.648,-176.776,0,0,0,-0.245552,0.969383,0,3
364.591,-177.29,0,0,0,-0.194161,0.98097,0,3
365.58,-177.639,0,0,0,-0.0980042,0.995186,0,3
366.627,-177.778,0,0,0,-0.0299172,0.999552,0,3
367.706,-177.892,0,0,0,-0.0532511,0.998581,0,3
368.764,-178.039,0,0,0,-0.0530336,0.998593,0,3
369.866,-178.104,0,0,0,-0.0191371,0.999817,0,3
370.963,-178.214,0,0,0,-0.0337804,0.999429,0,3
372.059,-178.337,0,0,0,-0.0391235,0.999234,0,3
373.154,-178.451,0,0,0,-0.0438216,0.999039,0,3
374.237,-178.56,0,0,0,-0.0386661,0.999252,0,3
375.336,-178.619,0,0,0,-0.0302082,0.999544,0,3
376.43,-178.695,0,0,0,-0.0143293,0.999897,0,3
377.24,-178.742,0,0,0,-0.00230701,0.999997,0,3
378.338,-178.691,0,0,0,0.0275237,0.999621,0,3
379.416,-178.687,0,0,0,0.0168497,0.999858,0,3
380.497,-178.638,0,0,0,0.0450391,0.998985,0,3
381.33,-178.623,0,0,0,-0.0133107,0.999911,0,3
382.434,-178.682,0,0,0,-0.0168883,0.999857,0,3
382.707,-178.693,0,0,0,-0.0024937,0.999997,0,3
383.808,-178.718,0,0,0,-0.000957773,1,0,3
384.087,-178.734,0,0,0,-0.00786271,0.999969,0,3
384.928,-178.764,0,0,0,0.00979981,0.999952,0,3
386.015,-178.785,0,0,0,-0.00366542,0.999993,0,3
386.535,-178.808,0,0,0,-0.00107129,0.999999,0,3
386.813,-178.835,0,0,0,-0.00352246,0.999994,0,3
387.92,-178.879,0,0,0,-0.00853777,0.999964,0,3
388.469,-178.891,0,0,0,0.00677705,0.999977,0,3
389.552,-178.869,0,0,0,0.0371079,0.999311,0,3
390.633,-178.788,0,0,0,0.0554987,0.998459,0,3
391.719,-178.711,0,0,0,0.0471001,0.99889,0,3
392.818,-178.704,0,0,0,0.0241197,0.999709,0,3
393.64,-178.717,0,0,0,-0.0125954,0.999921,0,3
394.761,-178.87,0,0,0,-0.0527034,0.99861,0,3
395.859,-179.056,0,0,0,-0.0651954,0.997873,0,3
396.952,-179.236,0,0,0,-0.0724691,0.997371,0,3
398.01,-179.45,0,0,0,-0.0397552,0.999209,0,3
399.106,-179.579,0,0,0,-0.043455,0.999055,0,3
400.195,-179.671,0,0,0,-0.00188986,0.999998,0,3
400.463,-179.689,0,0,0,-0.0127936,0.999918,0,3
401.545,-179.771,0,0,0,-0.0379286,0.99928,0,3
402.641,-179.874,0,0,0,-0.042977,0.999076,0,3
403.727,-179.993,0,0,0,-0.0465024,0.998918,0,3
404.814,-180.105,0,0,0,-0.0291344,0.999576,0,3
405.892,-180.198,0,0,0,-0.0388307,0.999246,0,3
406.987,-180.299,0,0,0,-0.0462983,0.998928,0,3
408.06,-180.442,0,0,0,-0.0658865,0.997827,0,3
409.157,-180.639,0,0,0,-0.0862253,0.996276,0,3
410.252,-180.827,0,0,0,-0.0597738,0.998212,0,3
411.347,-181.027,0,0,0,-0.0672511,0.997736,0,3
412.436,-181.189,0,0,0,-0.0632201,0.998,0,3
413.533,-181.327,0,0,0,-0.0617012,0.998095,0,3
414.619,-181.475,0,0,0,-0.0619629,0.998078,0,3
415.701,-181.612,0,0,0,-0.00427176,0.999991,0,3
415.975,-181.614,0,0,0,0.00166187,0.999999,0,3
416.241,-181.638,0,0,0,-0.00856055,0.999963,0,3
417.319,-181.737,0,0,0,-0.0238662,0.999715,0,3
418.402,-181.913,0,0,0,-0.0337924,0.999429,0,3
419.502,-181.999,0,0,0,-0.0227637,0.999741,0,3
420.607,-182.091,0,0,0,-0.0358518,0.999357,0,3
421.698,-182.218,0,0,0,-0.0412146,0.99915,0,3
422.803,-182.318,0,0,0,-0.0248755,0.999691,0,3
423.914,-182.394,0,0,0,-0.0305639,0.999533,0,3
425.032,-182.521,0,0,0,-0.0405123,0.999179,0,3
426.162,-182.653,0,0,0,-0.0517398,0.998661,0,3
427.269,-182.799,0,0,0,-0.0615728,0.998103,0,3
428.351,-182.972,0,0,0,-0.0325782,0.999469,0,3
428.901,-183,0,0,0,0.015383,0.999882,0,3
429.991,-182.946,0,0,0,0.0468281,0.998903,0,3
431.122,-182.906,0,0,0,0.0317158,0.999497,0,3
432.216,-182.85,0,0,0,0.0323926,0.999475,0,3
433.317,-182.877,0,0,0,0.0138351,0.999904,0,3
434.424,-182.874,0,0,0,0.00855756,0.999963,0,3
434.966,-182.903,0,0,0,-0.00664582,0.999978,0,3
436.076,-183.002,0,0,0,-0.0327631,0.999463,0,3
437.168,-183.066,0,0,0,-0.0324005,0.999475,0,3
438.267,-183.188,0,0,0,-0.0405178,0.999179,0,3
439.351,-183.299,0,0,0,-0.0429293,0.999078,0,3
440.434,-183.437,0,0,0,-0.0565917,0.998397,0,3
441.523,-183.611,0,0,0,-0.0638219,0.997961,0,3
442.592,-183.785,0,0,0,-0.0314866,0.999504,0,3
443.657,-183.922,0,0,0,-0.0507155,0.998713,0,3
444.746,-184.085,0,0,0,-0.0662118,0.997806,0,3
445.848,-184.297,0,0,0,-0.0725821,0.997362,0,3
446.911,-184.484,0,0,0,-0.0660046,0.997819,0,3
447.966,-184.66,0,0,0,-0.0810795,0.996708,0,3
449.039,-184.886,0,0,0,-0.0869421,0.996213,0,3
450.124,-185.047,0,0,0,-0.059633,0.99822,0,3
451.206,-185.178,0,0,0,-0.0491502,0.998791,0,3
452.281,-185.408,0,0,0,-0.0683554,0.997661,0,3
453.355,-185.658,0,0,0,-0.0771187,0.997022,0,3
454.416,-185.865,0,0,0,-0.088262,0.996097,0,3
455.494,-186.04,0,0,0,-0.0634822,0.997983,0,3
456.572,-186.192,0,0,0,-0.0773152,0.997007,0,3
457.647,-186.404,0,0,0,-0.0909112,0.995859,0,3
458.744,-186.64,0,0,0,-0.0928124,0.995684,0,3
459.854,-186.87,0,0,0,-0.0965746,0.995326,0,3
460.929,-187.067,0,0,0,-0.0871618,0.996194,0,3
462,-187.339,0,0,0,-0.0967449,0.995309,0,3
463.074,-187.538,0,0,0,-0.103005,0.994681,0,3
464.16,-187.735,0,0,0,-0.0758829,0.997117,0,3
465.249,-187.916,0,0,0,-0.0865975,0.996243,0,3
466.319,-188.138,0,0,0,-0.0938287,0.995588,0,3
467.364,-188.428,0,0,0,-0.0859781,0.996297,0,3
468.407,-188.672,0,0,0,-0.0772385,0.997013,0,3
469.494,-188.83,0,0,0,-0.063635,0.997973,0,3
470.567,-188.989,0,0,0,-0.0727244,0.997352,0,3
471.648,-189.106,0,0,0,-0.0543183,0.998524,0,3
472.721,-189.21,0,0,0,-0.0601465,0.99819,0,3
473.824,-189.396,0,0,0,-0.0457786,0.998952,0,3
474.924,-189.555,0,0,0,-0.0611444,0.998129,0,3
476.009,-189.722,0,0,0,-0.0455901,0.99896,0,3
477.068,-189.931,0,0,0,-0.0620622,0.998072,0,3
478.116,-190.121,0,0,0,-0.0683493,0.997661,0,3
479.197,-190.267,0,0,0,-0.0272324,0.999629,0,3
480.28,-190.35,0,0,0,-0.0341016,0.999418,0,3
481.343,-190.514,0,0,0,-0.0445768,0.999006,0,3
482.448,-190.635,0,0,0,-0.0505571,0.998721,0,3
483.525,-190.788,0,0,0,-0.0566647,0.998393,0,3
484.608,-190.978,0,0,0,-0.0319916,0.999488,0,3
485.684,-191.069,0,0,0,-0.0387004,0.999251,0,3
486.783,-191.172,0,0,0,-0.0340008,0.999422,0,3
487.882,-191.26,0,0,0,-0.0243839,0.999703,0,3
488.959,-191.319,0,0,0,-0.0363653,0.999339,0,3
490.018,-191.384,0,0,0,-0.0362608,0.999342,0,3
491.121,-191.491,0,0,0,-0.0145651,0.999894,0,3
492.205,-191.54,0,0,0,-0.0293874,0.999568,0,3
558.582,-194.718,0,0,0,-0.0367003,0.999326,0,3
559.604,-194.966,0,0,0,-0.0628721,0.998022,0,3
560.746,-195.338,0,0,0,-0.0728125,0.997346,0,3
561.954,-195.62,0,0,0,-0.0995352,0.995034,0,3
563.124,-195.966,0,0,0,-0.135741,0.990744,0,3
564.201,-196.343,0,0,0,-0.164395,0.986395,0,3
565.318,-196.789,0,0,0,-0.214661,0.976689,0,3
566.441,-197.389,0,0,0,-0.263105,0.964767,0,3
567.451,-198.061,0,0,0,-0.314902,0.949124,0,3
568.362,-198.865,0,0,0,-0.378111,0.92576,0,3
569.128,-199.776,0,0,0,-0.420949,0.907084,0,3
569.911,-200.745,0,0,0,-0.439992,0.898002,0,3
570.632,-201.777,0,0,0,-0.452616,0.891706,0,3
571.242,-202.587,0,0,0,-0.46964,0.882858,0,3
571.815,-203.65,0,0,0,-0.499731,0.866181,0,3
572.382,-204.802,0,0,0,-0.527092,0.849808,0,3
572.858,-205.93,0,0,0,-0.541597,0.840638,0,3
573.314,-207.131,0,0,0,-0.576891,0.816821,0,3
573.674,-208.351,0,0,0,-0.604514,0.796595,0,3
573.943,-209.577,0,0,0,-0.627761,0.778406,0,3
574.182,-210.859,0,0,0,-0.646988,0.7625,0,3
574.273,-211.983,0,0,0,-0.680377,0.732862,0,3
574.304,-213.111,0,0,0,-0.686895,0.726756,0,3
574.316,-214.18,0,0,0,-0.698834,0.715284,0,3
574.238,-215.269,0,0,0,-0.725629,0.688086,0,3
574.12,-216.37,0,0,0,-0.735316,0.677725,0,3
573.992,-217.428,0,0,0,-0.741724,0.670706,0,3
573.83,-218.685,0,0,0,-0.743482,0.668756,0,3
573.694,-219.693,0,0,0,-0.748035,0.66366,0,3
573.552,-220.833,0,0,0,-0.752538,0.658549,0,3
573.401,-222.013,0,0,0,-0.753588,0.657347,0,3
573.27,-223.019,0,0,0,-0.752434,0.658667,0,3
573.105,-224.08,0,0,0,-0.74407,0.668102,0,3
572.973,-225.229,0,0,0,-0.739472,0.673187,0,3
572.844,-226.422,0,0,0,-0.741216,0.671267,0,3
572.73,-227.477,0,0,0,-0.73581,0.677188,0,3
572.617,-228.484,0,0,0,-0.738646,0.674094,0,3
572.575,-229.514,0,0,0,-0.724731,0.689032,0,3
572.512,-230.68,0,0,0,-0.719673,0.694313,0,3
572.465,-231.788,0,0,0,-0.711789,0.702394,0,3
572.419,-232.843,0,0,0,-0.710682,0.703513,0,3
572.404,-233.896,0,0,0,-0.703234,0.710958,0,3
572.288,-234.943,0,0,0,-0.700285,0.713863,0,3
572.229,-235.998,0,0,0,-0.702798,0.711389,0,3
572.326,-237.139,0,0,0,-0.704704,0.709502,0,3
572.318,-238.167,0,0,0,-0.710153,0.704048,0,3
572.288,-239.188,0,0,0,-0.700804,0.713354,0,3
572.274,-240.249,0,0,0,-0.679278,0.733881,0,3
572.372,-241.283,0,0,0,-0.655085,0.755555,0,3
572.504,-242.425,0,0,0,-0.665106,0.746749,0,3
572.595,-243.811,0,0,0,-0.675346,0.737501,0,3
572.671,-244.872,0,0,0,-0.683087,0.730337,0,3
572.693,-245.983,0,0,0,-0.690999,0.722855,0,3
572.735,-247.052,0,0,0,-0.682346,0.731029,0,3
572.848,-248.323,0,0,0,-0.661463,0.749978,0,3
573.072,-249.495,0,0,0,-0.645543,0.763724,0,3
573.209,-250.632,0,0,0,-0.653755,0.756706,0,3
573.382,-251.852,0,0,0,-0.656953,0.753932,0,3
573.485,-253.112,0,0,0,-0.660229,0.751065,0,3
573.666,-254.397,0,0,0,-0.66894,0.743316,0,3
573.788,-255.531,0,0,0,-0.67329,0.739378,0,3
573.885,-256.811,0,0,0,-0.686113,0.727495,0,3
573.968,-258.096,0,0,0,-0.65641,0.754404,0,3
574.206,-259.192,0,0,0,-0.6483,0.761385,0,3
574.337,-260.388,0,0,0,-0.65806,0.752965,0,3
574.354,-261.423,0,0,0,-0.664935,0.746901,0,3
574.487,-262.58,0,0,0,-0.668086,0.744084,0,3
574.582,-263.677,0,0,0,-0.66871,0.743523,0,3
574.667,-264.829,0,0,0,-0.667735,0.744399,0,3
574.624,-265.899,0,0,0,-0.677103,0.735888,0,3
574.621,-266.938,0,0,0,-0.675953,0.736945,0,3
574.716,-268.156,0,0,0,-0.683525,0.729927,0,3
574.831,-269.656,0,0,0,-0.688185,0.725536,0,3
574.876,-270.669,0,0,0,-0.690095,0.723719,0,3
574.815,-271.747,0,0,0,-0.699762,0.714376,0,3
574.749,-272.775,0,0,0,-0.706656,0.707557,0,3
574.625,-273.79,0,0,0,-0.706129,0.708083,0,3
574.722,-274.814,0,0,0,-0.699998,0.714145,0,3
574.739,-275.825,0,0,0,-0.69222,0.721686,0,3
574.778,-277.026,0,0,0,-0.684907,0.72863,0,3
574.901,-278.047,0,0,0,-0.693021,0.720917,0,3
574.8,-279.09,0,0,0,-0.696352,0.7177,0,3
574.822,-280.161,0,0,0,-0.706543,0.70767,0,3
574.719,-281.182,0,0,0,-0.711369,0.702819,0,3
574.652,-282.39,0,0,0,-0.716582,0.697503,0,3
574.591,-283.551,0,0,0,-0.714883,0.699244,0,3
574.523,-284.706,0,0,0,-0.691048,0.722808,0,3
574.504,-285.754,0,0,0,-0.691899,0.721994,0,3
574.475,-286.807,0,0,0,-0.715861,0.698243,0,3
574.273,-287.95,0,0,0,-0.734269,0.678858,0,3
574.081,-289.034,0,0,0,-0.749028,0.662538,0,3
573.926,-290.054,0,0,0,-0.755184,0.655513,0,3
573.696,-291.129,0,0,0,-0.763727,0.645539,0,3
573.41,-292.315,0,0,0,-0.772588,0.634908,0,3
573.174,-293.398,0,0,0,-0.776807,0.629739,0,3
572.969,-294.386,0,0,0,-0.781478,0.623932,0,3
572.74,-295.49,0,0,0,-0.786706,0.617328,0,3
572.4,-296.727,0,0,0,-0.788345,0.615233,0,3
572.059,-297.808,0,0,0,-0.794391,0.607407,0,3
571.756,-299.017,0,0,0,-0.79108,0.611713,0,3
571.446,-300.143,0,0,0,-0.78367,0.621177,0,3
571.247,-301.221,0,0,0,-0.766378,0.64239,0,3
571.062,-302.425,0,0,0,-0.771049,0.636775,0,3
570.729,-303.533,0,0,0,-0.770076,0.637953,0,3
570.657,-304.705,0,0,0,-0.741232,0.671249,0,3
570.608,-305.803,0,0,0,-0.737144,0.675736,0,3
570.496,-307.031,0,0,0,-0.72833,0.685226,0,3
570.429,-308.092,0,0,0,-0.722409,0.691466,0,3
570.304,-309.228,0,0,0,-0.728471,0.685076,0,3
570.24,-310.489,0,0,0,-0.733192,0.680022,0,3
570.154,-311.615,0,0,0,-0.73869,0.674046,0,3
570.173,-312.627,0,0,0,-0.728654,0.684882,0,3
570.163,-313.753,0,0,0,-0.707196,0.707017,0,3
566.363,-313.763,0,0,0,-0.730481,0.682933,0,3
566.342,-315.015,0,0,0,-0.712651,0.701518,0,3
566.345,-316.136,0,0,0,-0.687213,0.726456,0,3
566.519,-317.196,0,0,0,-0.68616,0.727451,0,3
566.483,-318.228,0,0,0,-0.699273,0.714855,0,3
566.532,-319.284,0,0,0,-0.705984,0.708228,0,3
566.694,-320.288,0,0,0,-0.705388,0.708821,0,3
566.768,-321.474,0,0,0,-0.701891,0.712284,0,3
566.817,-322.651,0,0,0,-0.693731,0.720235,0,3
567.012,-323.682,0,0,0,-0.689123,0.724644,0,3
567.105,-325.234,0,0,0,-0.68803,0.725682,0,3
567.216,-326.52,0,0,0,-0.684772,0.728757,0,3
567.278,-327.76,0,0,0,-0.678095,0.734974,0,3
567.314,-328.761,0,0,0,-0.683427,0.730019,0,3
567.331,-329.96,0,0,0,-0.687375,0.726302,0,3
567.366,-331.149,0,0,0,-0.691379,0.722492,0,3
567.394,-332.223,0,0,0,-0.690604,0.723233,0,3
567.425,-333.421,0,0,0,-0.696649,0.717412,0,3
567.453,-334.467,0,0,0,-0.698629,0.715484,0,3
567.436,-335.696,0,0,0,-0.707858,0.706354,0,3
567.414,-336.822,0,0,0,-0.718316,0.695717,0,3
567.302,-337.867,0,0,0,-0.739055,0.673646,0,3
567.117,-338.974,0,0,0,-0.778258,0.627945,0,3
566.759,-340.002,0,0,0,-0.840938,0.541132,0,3
566.123,-341.042,0,0,0,0.898051,-0.439891,0,3
565.285,-341.91,0,0,0,0.94113,-0.338044,0,3
564.227,-342.592,0,0,0,0.974028,-0.226426,0,3
563.087,-342.988,0,0,0,0.983755,-0.179518,0,3
561.946,-343.402,0,0,0,0.984624,-0.174686,0,3
560.793,-343.823,0,0,0,0.98928,-0.146032,0,3
559.591,-344.072,0,0,0,0.999074,-0.0430352,0,3
558.418,-344.101,0,0,0,0.999998,0.0021264,0,3
557.223,-344.129,0,0,0,0.999987,0.00510055,0,3
556.065,-344.148,0,0,0,0.999981,0.00616964,0,3
555.214,-344.137,0,0,0,0.999941,0.0109028,0,3
553.996,-344.107,0,0,0,0.999973,0.00738811,0,3
553.347,-344.059,0,0,0,0.999905,0.0138055,0,3
552.166,-343.992,0,0,0,0.999655,0.0262569,0,3
551.153,-343.919,0,0,0,0.999669,0.0257272,0,3
550.083,-343.831,0,0,0,0.999429,0.0337896,0,3
548.863,-343.744,0,0,0,0.999295,0.0375424,0,3
547.85,-343.641,0,0,0,0.998885,0.0472001,0,3
546.838,-343.504,0,0,0,0.998622,0.0524819,0,3
545.83,-343.369,0,0,0,0.998472,0.0552551,0,3
544.784,-343.227,0,0,0,0.998928,0.0463007,0,3
543.787,-343.118,0,0,0,0.998659,0.0517635,0,3
542.763,-343.005,0,0,0,0.998665,0.0516527,0,3
541.751,-342.889,0,0,0,0.998637,0.0521942,0,3
540.736,-342.785,0,0,0,0.998938,0.0460694,0,3
539.553,-342.674,0,0,0,0.999618,0.0276414,0,3
538.931,-342.627,0,0,0,0.999989,0.00479542,0,3
537.9,-342.615,0,0,0,0.99995,0.0100441,0,3
537.703,-342.614,0,0,0,0.999931,0.0117599,0,3
536.519,-342.533,0,0,0,0.999609,0.0279595,0,3
535.341,-342.439,0,0,0,0.999574,0.0291801,0,3
534.75,-342.39,0,0,0,0.99995,0.0100489,0,3
533.717,-342.367,0,0,0,0.999999,0.00149573,0,3
532.526,-342.365,0,0,0,0.999988,-0.00488263,0,3
531.323,-342.339,0,0,0,0.99996,0.00897657,0,3
530.959,-342.327,0,0,0,0.999914,0.0131182,0,3
529.78,-342.226,0,0,0,0.999589,0.0286574,0,3
528.767,-342.137,0,0,0,0.999892,0.0147251,0,3
528.577,-342.116,0,0,0,0.999998,0.00212002,0,3
527.572,-342.117,0,0,0,0.999987,-0.00504428,0,3
526.461,-342.123,0,0,0,0.999828,-0.0185666,0,3
525.321,-342.139,0,0,0,0.999965,-0.00832824,0,3
524.21,-342.116,0,0,0,0.999998,0.00180707,0,3
523.201,-342.103,0,0,0,0.999961,0.00881499,0,3
523.001,-342.078,0,0,0,0.999923,0.012399,0,3
521.988,-341.903,0,0,0,0.999889,0.0148804,0,3
521.794,-341.907,0,0,0,0.999975,0.00714118,0,3
520.771,-341.873,0,0,0,0.999639,-0.0268666,0,3
519.531,-341.913,0,0,0,0.997668,-0.068247,0,3
518.338,-342.015,0,0,0,0.998673,-0.0514967,0,3
517.105,-342.071,0,0,0,0.999045,-0.0436971,0,3
515.896,-342.121,0,0,0,0.999451,-0.0331458,0,3
514.802,-342.074,0,0,0,0.999938,-0.0111585,0,3
513.724,-342.075,0,0,0,0.999981,-0.00615888,0,3
512.501,-342.078,0,0,0,0.999994,0.00350299,0,3
511.107,-342.003,0,0,0,0.999988,0.00499599,0,3
509.955,-342.014,0,0,0,0.999996,0.00271822,0,3
508.882,-341.946,0,0,0,1,0.000734152,0,3
507.649,-341.886,0,0,0,0.999999,-0.00107965,0,3
506.641,-341.827,0,0,0,1,-0.000259911,0,3
505.59,-341.827,0,0,0,0.999994,0.00349093,0,3
504.753,-341.8,0,0,0,0.999869,0.0161746,0,3
503.709,-341.729,0,0,0,0.999486,0.0320469,0,3
502.622,-341.622,0,0,0,0.99923,0.0392227,0,3
501.602,-341.539,0,0,0,0.998742,0.0501464,0,3
500.574,-341.428,0,0,0,0.998182,0.0602688,0,3
499.396,-341.207,0,0,0,0.99755,0.069964,0,3
498.226,-340.993,0,0,0,0.996787,0.080094,0,3
497.223,-340.783,0,0,0,0.995963,0.0897636,0,3
496.175,-340.58,0,0,0,0.995042,0.0994564,0,3
495.139,-340.399,0,0,0,0.994822,0.101632,0,3
494.104,-340.196,0,0,0,0.994443,0.105278,0,3
492.938,-339.961,0,0,0,0.994659,0.103218,0,3
491.833,-339.701,0,0,0,0.994226,0.107305,0,3
490.78,-339.441,0,0,0,0.99387,0.110556,0,3
489.777,-339.174,0,0,0,0.992762,0.120098,0,3
488.543,-338.868,0,0,0,0.991245,0.132033,0,3
487.456,-338.594,0,0,0,0.990265,0.139195,0,3
486.278,-338.284,0,0,0,0.991705,0.128531,0,3
485.052,-337.963,0,0,0,0.991621,0.129184,0,3
484.034,-337.709,0,0,0,0.990161,0.139932,0,3
482.872,-337.3,0,0,0,0.988889,0.148658,0,3
481.74,-336.966,0,0,0,0.98904,0.147649,0,3
480.55,-336.589,0,0,0,0.987228,0.159316,0,3
479.483,-336.164,0,0,0,0.985709,0.168458,0,3
478.336,-335.748,0,0,0,0.983026,0.183467,0,3
477.244,-335.249,0,0,0,0.981818,0.189823,0,3
476.05,-334.811,0,0,0,0.982775,0.184807,0,3
474.928,-334.339,0,0,0,0.98217,0.187994,0,3
473.81,-333.852,0,0,0,0.982688,0.185271,0,3
472.659,-333.458,0,0,0,0.98589,0.167393,0,3
471.564,-333.015,0,0,0,0.983973,0.178315,0,3
470.454,-332.533,0,0,0,0.98173,0.190281,0,3
469.421,-332.025,0,0,0,0.979885,0.199562,0,3
468.268,-331.498,0,0,0,0.979771,0.200123,0,3
467.131,-331.077,0,0,0,0.982326,0.187177,0,3
466.035,-330.619,0,0,0,0.985099,0.171988,0,3
464.812,-330.187,0,0,0,0.985256,0.171085,0,3
463.576,-329.801,0,0,0,0.986227,0.165399,0,3
462.379,-329.355,0,0,0,0.986775,0.162096,0,3
461.157,-329.08,0,0,0,0.989076,0.147407,0,3
459.969,-328.711,0,0,0,0.988805,0.149214,0,3
458.995,-328.48,0,0,0,0.989547,0.14421,0,3
457.942,-328.089,0,0,0,0.989079,0.147385,0,3
456.693,-327.79,0,0,0,0.990928,0.134393,0,3
455.589,-327.442,0,0,0,0.991253,0.131974,0,3
454.527,-327.185,0,0,0,0.991237,0.132096,0,3
453.485,-326.915,0,0,0,0.991512,0.130018,0,3
452.255,-326.706,0,0,0,0.992566,0.121708,0,3
451.263,-326.409,0,0,0,0.993889,0.110382,0,3
450.151,-326.124,0,0,0,0.99444,0.105306,0,3
449.005,-326.169,0,0,0,0.996394,0.0848416,0,3
447.918,-326.007,0,0,0,0.995582,0.0938949,0,3
446.906,-325.855,0,0,0,0.994467,0.105054,0,3
445.563,-325.811,0,0,0,0.995682,0.0928294,0,3
444.511,-325.516,0,0,0,0.995111,0.0987677,0,3
443.434,-325.343,0,0,0,0.995838,0.0911367,0,3
442.402,-325.189,0,0,0,0.997446,0.0714206,0,3
441.235,-325.187,0,0,0,0.998024,0.0628398,0,3
440.131,-324.843,0,0,0,0.998118,0.0613201,0,3
439.119,-324.74,0,0,0,0.998198,0.0600097,0,3
437.961,-324.531,0,0,0,0.99806,0.0622605,0,3
436.869,-324.348,0,0,0,0.998599,0.0529229,0,3
435.789,-324.352,0,0,0,0.999315,0.0370203,0,3
434.691,-324.17,0,0,0,0.999032,0.0439824,0,3
433.567,-323.966,0,0,0,0.999466,0.0326669,0,3
432.395,-323.926,0,0,0,0.999866,0.0163777,0,3
431.354,-323.947,0,0,0,0.999899,0.0142082,0,3
431.004,-323.962,0,0,0,0.999967,0.00808381,0,3
429.945,-324.025,0,0,0,0.999999,0.00103864,0,3
428.77,-323.936,0,0,0,0.999975,0.00706684,0,3
427.766,-323.815,0,0,0,0.999992,0.00388614,0,3
426.626,-323.726,0,0,0,0.99996,0.00897527,0,3
427.142,-323.177,0,0,0,0.999928,0.0119822,0,3
426.25,-323.704,0,0,0,0.999989,0.00459279,0,3
425.248,-323.651,0,0,0,0.999989,0.00478191,0,3
425.816,-319.424,0,0,0,0.995128,0.0985873,0,3
424.702,-323.774,0,0,0,0.999987,0.00500646,0,3
424.615,-323.633,0,0,0,0.999935,0.0113743,0,3
424.456,-323.607,0,0,0,0.999975,0.00703585,0,3
423.648,-323.58,0,0,0,0.999939,0.0110053,0,3
423.576,-318.137,0,0,0,0.99916,0.0409773,0,3
422.438,-318.023,0,0,0,0.999022,0.0442193,0,3
421.41,-317.872,0,0,0,0.999003,0.0446437,0,3
420.247,-317.736,0,0,0,0.999675,0.0254757,0,3
419.17,-317.506,0,0,0,0.999697,0.0246291,0,3
418.095,-317.14,0,0,0,0.999602,0.0282179,0,3
417.003,-316.718,0,0,0,0.999476,0.0323728,0,3
415.885,-316.471,0,0,0,0.999234,0.0391258,0,3
414.733,-316.26,0,0,0,0.999156,0.0410721,0,3
413.691,-316.027,0,0,0,0.998931,0.046219,0,3
412.516,-315.993,0,0,0,0.998612,0.0526702,0,3
411.411,-315.79,0,0,0,0.998776,0.0494643,0,3
410.317,-315.708,0,0,0,0.999499,0.0316381,0,3
409.217,-315.651,0,0,0,0.999773,0.0212898,0,3
408.078,-315.604,0,0,0,0.999964,0.00853235,0,3
407.003,-315.62,0,0,0,0.999859,-0.0167757,0,3
405.779,-315.654,0,0,0,0.999927,-0.0120974,0,3
404.678,-315.648,0,0,0,0.999971,-0.00760141,0,3
403.489,-315.696,0,0,0,0.999798,-0.0201146,0,3
402.32,-315.767,0,0,0,0.999069,-0.043141,0,3
401.093,-315.893,0,0,0,0.997943,-0.0641116,0,3
399.892,-316.075,0,0,0,0.997995,-0.0632962,0,3
398.729,-316.227,0,0,0,0.998532,-0.0541594,0,3
397.47,-316.335,0,0,0,0.999144,-0.0413568,0,3
396.227,-316.428,0,0,0,0.999593,-0.0285361,0,3
395.023,-316.552,0,0,0,0.999253,-0.0386394,0,3
393.859,-316.639,0,0,0,0.99824,-0.059308,0,3
392.604,-316.818,0,0,0,0.996895,-0.0787393,0,3
391.432,-316.993,0,0,0,0.996108,-0.088142,0,3
390.278,-317.21,0,0,0,0.99458,-0.103977,0,3
389.087,-317.435,0,0,0,0.992397,-0.123077,0,3
387.888,-317.68,0,0,0,0.993721,-0.111882,0,3
386.712,-317.892,0,0,0,0.995925,-0.090186,0,3
385.436,-318.179,0,0,0,0.996252,-0.0865029,0,3
384.26,-318.434,0,0,0,0.992718,-0.120461,0,3
383.126,-318.698,0,0,0,0.993979,-0.109573,0,3
381.976,-318.998,0,0,0,0.994419,-0.1055,0,3
380.822,-319.032,0,0,0,0.994334,-0.106306,0,3
379.767,-319.388,0,0,0,0.993124,-0.117064,0,3
378.658,-319.545,0,0,0,0.992515,-0.122122,0,3
377.556,-319.9,0,0,0,0.991201,-0.132367,0,3
376.383,-320.212,0,0,0,0.990417,-0.138111,0,3
375.172,-320.191,0,0,0,0.991606,-0.129299,0,3
374.094,-320.76,0,0,0,0.990947,-0.134252,0,3
372.862,-320.698,0,0,0,0.993517,-0.113684,0,3
371.756,-320.915,0,0,0,0.994981,-0.100068,0,3
370.609,-321.031,0,0,0,0.996253,-0.0864873,0,3
369.458,-321.109,0,0,0,0.995539,-0.0943512,0,3
368.234,-321.347,0,0,0,0.992944,-0.118581,0,3
367.023,-321.638,0,0,0,0.993553,-0.113373,0,3
365.807,-321.815,0,0,0,0.994782,-0.102023,0,3
364.661,-322.008,0,0,0,0.994885,-0.101014,0,3
363.543,-322.262,0,0,0,0.993463,-0.114159,0,3
362.432,-322.481,0,0,0,0.992531,-0.121995,0,3
361.317,-322.763,0,0,0,0.992733,-0.12034,0,3
360.245,-323.096,0,0,0,0.992864,-0.119254,0,3
359.05,-323.338,0,0,0,0.989478,-0.144683,0,3
357.839,-323.697,0,0,0,0.989149,-0.146919,0,3
356.76,-323.911,0,0,0,0.990321,-0.138792,0,3
355.609,-324.216,0,0,0,0.990926,-0.134409,0,3
354.354,-324.482,0,0,0,0.992522,-0.12207,0,3
353.158,-324.763,0,0,0,0.99228,-0.124016,0,3
351.914,-325.014,0,0,0,0.992473,-0.122467,0,3
350.736,-325.337,0,0,0,0.990459,-0.137805,0,3
349.547,-325.641,0,0,0,0.989176,-0.146735,0,3
348.407,-325.978,0,0,0,0.990111,-0.140286,0,3
347.26,-326.186,0,0,0,0.992083,-0.125581,0,3
346.104,-326.462,0,0,0,0.992389,-0.123144,0,3
344.919,-326.866,0,0,0,0.993541,-0.113473,0,3
343.717,-327.152,0,0,0,0.994421,-0.105486,0,3
342.655,-327.326,0,0,0,0.99526,-0.0972454,0,3
341.406,-327.476,0,0,0,0.996385,-0.0849563,0,3
340.115,-327.618,0,0,0,0.996355,-0.085306,0,3
339.088,-327.832,0,0,0,0.995167,-0.0981982,0,3
338.053,-327.929,0,0,0,0.995201,-0.0978516,0,3
337.041,-328.112,0,0,0,0.99588,-0.0906826,0,3
335.759,-328.2,0,0,0,0.996962,-0.0778879,0,3
334.407,-328.314,0,0,0,0.995556,-0.0941749,0,3
333.365,-328.497,0,0,0,0.993188,-0.116523,0,3
332.175,-328.63,0,0,0,0.992264,-0.124142,0,3
330.866,-328.873,0,0,0,0.993789,-0.111281,0,3
329.774,-329.014,0,0,0,0.994751,-0.102321,0,3
328.534,-329.294,0,0,0,0.995169,-0.0981737,0,3
327.291,-329.544,0,0,0,0.99593,-0.0901346,0,3
325.998,-329.763,0,0,0,0.995668,-0.0929784,0,3
324.732,-329.964,0,0,0,0.996215,-0.0869216,0,3
323.466,-330.148,0,0,0,0.994612,-0.103666,0,3
322.269,-330.443,0,0,0,0.993409,-0.114622,0,3
321.026,-330.653,0,0,0,0.994913,-0.100735,0,3
319.774,-330.829,0,0,0,0.996175,-0.0873862,0,3
318.516,-331.033,0,0,0,0.996983,-0.0776182,0,3
317.308,-331.197,0,0,0,0.997587,-0.0694239,0,3
316.107,-331.298,0,0,0,0.998267,-0.0588469,0,3
314.982,-331.392,0,0,0,0.998756,-0.0498662,0,3
313.753,-331.491,0,0,0,0.999256,-0.038556,0,3
312.479,-331.558,0,0,0,0.999939,-0.0110652,0,3
311.212,-331.575,0,0,0,1,-0.00092157,0,3
310.009,-331.612,0,0,0,0.999976,0.00698364,0,3
309.132,-331.552,0,0,0,0.999931,0.0117086,0,3
307.96,-331.474,0,0,0,0.999792,0.0203854,0,3
306.886,-331.415,0,0,0,0.999737,0.0229519,0,3
305.754,-331.298,0,0,0,0.999487,0.0320316,0,3
304.597,-331.211,0,0,0,0.999183,0.0404038,0,3
303.497,-331.126,0,0,0,0.998948,0.0458564,0,3
302.433,-330.959,0,0,0,0.998172,0.0604436,0,3
301.226,-330.795,0,0,0,0.997541,0.0700848,0,3
300.199,-330.641,0,0,0,0.997121,0.075824,0,3
299.165,-330.473,0,0,0,0.996406,0.084705,0,3
298.076,-330.209,0,0,0,0.995792,0.091637,0,3
297.078,-330.038,0,0,0,0.9955,0.0947656,0,3
295.934,-329.748,0,0,0,0.994773,0.102107,0,3
294.898,-329.534,0,0,0,0.993781,0.111349,0,3
293.748,-329.252,0,0,0,0.99281,0.1197,0,3
292.674,-328.979,0,0,0,0.991296,0.131648,0,3
291.585,-328.643,0,0,0,0.989942,0.141475,0,3
290.39,-328.257,0,0,0,0.988352,0.152186,0,3
289.396,-327.934,0,0,0,0.986611,0.16309,0,3
288.318,-327.577,0,0,0,0.98419,0.177115,0,3
287.154,-327.148,0,0,0,0.981196,0.193015,0,3
286.09,-326.627,0,0,0,0.974342,0.225073,0,3
285.012,-326.05,0,0,0,0.966608,0.256258,0,3
284.048,-325.359,0,0,0,0.947618,0.319406,0,3
283.059,-324.575,0,0,0,0.943015,0.332749,0,3
282.189,-323.768,0,0,0,0.938628,0.344931,0,3
281.248,-322.954,0,0,0,0.934625,0.355635,0,3
280.403,-322.081,0,0,0,0.920839,0.389944,0,3
279.67,-321.16,0,0,0,0.894273,0.447522,0,3
278.953,-320.19,0,0,0,0.864086,0.503344,0,3
278.483,-319.088,0,0,0,0.829707,0.558199,0,3
278.076,-317.834,0,0,0,0.792268,0.610174,0,3
277.881,-316.623,0,0,0,0.78326,0.621694,0,3
277.575,-315.435,0,0,0,0.763076,0.646309,0,3
277.319,-314.233,0,0,0,0.76053,0.649302,0,3
277.131,-313.057,0,0,0,0.756874,0.653561,0,3
276.95,-311.924,0,0,0,0.754658,0.656118,0,3
276.754,-310.655,0,0,0,0.749645,0.66184,0,3
276.714,-309.384,0,0,0,0.749492,0.662013,0,3
276.685,-308.083,0,0,0,0.747546,0.66421,0,3
276.579,-306.839,0,0,0,0.74799,0.66371,0,3
276.451,-305.489,0,0,0,0.753631,0.657297,0,3
276.297,-304.295,0,0,0,0.753738,0.657176,0,3
276.198,-303.079,0,0,0,0.747227,0.664569,0,3
276.197,-302.078,0,0,0,0.742406,0.66995,0,3
276.111,-300.917,0,0,0,0.738707,0.674027,0,3
276.018,-299.618,0,0,0,0.712566,0.701605,0,3
275.979,-298.437,0,0,0,0.713798,0.700351,0,3
276.012,-297.435,0,0,0,0.715811,0.698294,0,3
275.942,-296.21,0,0,0,0.728551,0.684992,0,3
275.91,-295.161,0,0,0,0.735808,0.677191,0,3
275.805,-293.863,0,0,0,0.730841,0.682548,0,3
275.677,-292.695,0,0,0,0.732118,0.681177,0,3
275.601,-291.493,0,0,0,0.759976,0.649951,0,3
275.452,-290.258,0,0,0,0.765757,0.64313,0,3
275.191,-288.994,0,0,0,0.787274,0.616603,0,3
274.903,-287.947,0,0,0,0.795848,0.605496,0,3
274.62,-286.732,0,0,0,0.791667,0.610953,0,3
274.235,-285.43,0,0,0,0.817124,0.576462,0,3
273.772,-284.28,0,0,0,0.835936,0.548826,0,3
273.22,-283.151,0,0,0,0.844009,0.536328,0,3
272.771,-282.11,0,0,0,0.855847,0.517228,0,3
272.138,-281.083,0,0,0,0.868838,0.495097,0,3
271.568,-279.973,0,0,0,0.863673,0.504052,0,3
271.084,-278.929,0,0,0,0.855291,0.518148,0,3
270.616,-277.888,0,0,0,0.850276,0.526337,0,3
270.173,-276.799,0,0,0,0.855416,0.517941,0,3
269.618,-275.678,0,0,0,0.860904,0.508767,0,3
269.052,-274.568,0,0,0,0.860499,0.509452,0,3
268.404,-273.508,0,0,0,0.875522,0.483179,0,3
267.823,-272.507,0,0,0,0.87381,0.486268,0,3
267.284,-271.529,0,0,0,0.868414,0.49584,0,3
266.783,-270.451,0,0,0,0.854686,0.519145,0,3
266.285,-269.303,0,0,0,0.847706,0.530466,0,3
265.729,-268.46,0,0,0,0.846793,0.531923,0,3
265.278,-267.348,0,0,0,0.840742,0.541436,0,3
264.496,-265.799,0,0,0,0.837657,0.546196,0,3
264.014,-264.682,0,0,0,0.833108,0.55311,0,3
263.539,-263.622,0,0,0,0.841432,0.540363,0,3
263,-262.556,0,0,0,0.844254,0.535944,0,3
262.418,-261.48,0,0,0,0.843312,0.537425,0,3
261.894,-260.454,0,0,0,0.84452,0.535523,0,3
261.362,-259.441,0,0,0,0.848623,0.528998,0,3
260.818,-258.288,0,0,0,0.844457,0.535624,0,3
260.298,-257.178,0,0,0,0.838291,0.545223,0,3
259.726,-256.108,0,0,0,0.834929,0.550358,0,3
259.204,-255.042,0,0,0,0.838409,0.545042,0,3
258.701,-253.886,0,0,0,0.837043,0.547138,0,3
258.176,-252.756,0,0,0,0.836218,0.548397,0,3
257.672,-251.655,0,0,0,0.830268,0.557364,0,3
257.228,-250.506,0,0,0,0.830151,0.557539,0,3
256.743,-249.485,0,0,0,0.830836,0.556517,0,3
256.19,-248.365,0,0,0,0.825774,0.564001,0,3
255.824,-247.215,0,0,0,0.819584,0.572959,0,3
255.387,-246.119,0,0,0,0.822111,0.569328,0,3
255.074,-244.957,0,0,0,0.815594,0.578624,0,3
254.783,-243.863,0,0,0,0.808264,0.58882,0,3
254.282,-242.765,0,0,0,0.804523,0.593921,0,3
254.014,-241.526,0,0,0,0.799534,0.600621,0,3
253.696,-240.367,0,0,0,0.793515,0.608551,0,3
253.388,-239.205,0,0,0,0.786358,0.617771,0,3
253.147,-237.977,0,0,0,0.784298,0.620384,0,3
252.969,-236.838,0,0,0,0.782631,0.622486,0,3
252.739,-235.666,0,0,0,0.78571,0.618594,0,3
252.392,-234.55,0,0,0,0.787131,0.616786,0,3
252.106,-233.43,0,0,0,0.78303,0.621984,0,3
251.811,-232.257,0,0,0,0.776665,0.629914,0,3
251.507,-231.175,0,0,0,0.772962,0.634452,0,3
251.322,-229.954,0,0,0,0.769253,0.638944,0,3
251.188,-228.708,0,0,0,0.760077,0.649833,0,3
251.322,-227.384,0,0,0,0.752488,0.658606,0,3
251.256,-226.16,0,0,0,0.745395,0.666623,0,3
251.454,-224.811,0,0,0,0.734574,0.678528,0,3
251.479,-223.564,0,0,0,0.721811,0.692091,0,3
251.279,-222.4,0,0,0,0.718546,0.69548,0,3
251.499,-221.418,0,0,0,0.712234,0.701942,0,3
251.473,-220.275,0,0,0,0.707313,0.7069,0,3
251.74,-219.243,0,0,0,0.706359,0.707853,0,3
252.024,-218.234,0,0,0,0.70223,0.71195,0,3
252.179,-217.039,0,0,0,0.704155,0.710046,0,3
252.212,-215.819,0,0,0,0.70022,0.713928,0,3
252.452,-214.819,0,0,0,0.699351,0.714778,0,3
252.644,-213.541,0,0,0,0.694163,0.719818,0,3
252.687,-212.251,0,0,0,0.699937,0.714204,0,3
252.981,-210.989,0,0,0,0.696974,0.717096,0,3
253.178,-209.678,0,0,0,0.68971,0.724086,0,3
253.431,-208.689,0,0,0,0.691567,0.722312,0,3
253.415,-207.495,0,0,0,0.686798,0.726848,0,3
253.56,-206.274,0,0,0,0.683157,0.730272,0,3
253.617,-205.142,0,0,0,0.676902,0.736073,0,3
253.74,-204.072,0,0,0,0.67561,0.737259,0,3
253.788,-202.771,0,0,0,0.694333,0.719653,0,3
253.88,-201.561,0,0,0,0.698645,0.715469,0,3
253.902,-200.378,0,0,0,0.70372,0.710478,0,3
253.969,-199.252,0,0,0,0.694716,0.719285,0,3
254.066,-197.944,0,0,0,0.702203,0.711977,0,3
254.17,-196.682,0,0,0,0.697551,0.716535,0,3
254.32,-195.432,0,0,0,0.70357,0.710626,0,3
254.533,-194.22,0,0,0,0.695541,0.718486,0,3
254.679,-193.073,0,0,0,0.696436,0.717619,0,3
254.877,-191.857,0,0,0,0.685235,0.728322,0,3
255.15,-190.848,0,0,0,0.677443,0.735575,0,3
255.454,-189.58,0,0,0,0.671463,0.741038,0,3
255.787,-188.329,0,0,0,0.660796,0.750566,0,3
255.986,-187.332,0,0,0,0.655943,0.75481,0,3
256.291,-185.996,0,0,0,0.65248,0.757806,0,3
256.406,-184.86,0,0,0,0.678699,0.734416,0,3
256.465,-183.824,0,0,0,0.704743,0.709463,0,3
256.453,-182.528,0,0,0,0.70657,0.707643,0,3
256.446,-181.365,0,0,0,0.708909,0.7053,0,3
256.501,-180.324,0,0,0,0.700407,0.713744,0,3
256.559,-179.144,0,0,0,0.697698,0.716392,0,3
256.566,-178.03,0,0,0,0.709725,0.704479,0,3
256.524,-176.874,0,0,0,0.71225,0.701926,0,3
256.512,-175.545,0,0,0,0.710553,0.703644,0,3
256.478,-174.308,0,0,0,0.704658,0.709547,0,3
256.5,-173.021,0,0,0,0.697974,0.716123,0,3
256.651,-171.811,0,0,0,0.690901,0.72295,0,3
256.779,-170.572,0,0,0,0.684813,0.728719,0,3
256.81,-169.378,0,0,0,0.698481,0.715629,0,3
256.877,-168.072,0,0,0,0.708794,0.705416,0,3
256.954,-166.847,0,0,0,0.704966,0.709241,0,3
257.129,-165.853,0,0,0,0.69737,0.716712,0,3
257.214,-164.585,0,0,0,0.691717,0.722169,0,3
257.408,-163.338,0,0,0,0.689909,0.723896,0,3
257.396,-162.082,0,0,0,0.695893,0.718146,0,3
257.502,-160.784,0,0,0,0.694218,0.719765,0,3
257.631,-159.621,0,0,0,0.710193,0.704007,0,3
257.625,-158.377,0,0,0,0.709123,0.705085,0,3
257.693,-157.143,0,0,0,0.671907,0.740636,0,3
257.948,-156.128,0,0,0,0.644504,0.764601,0,3
258.291,-154.978,0,0,0,0.599557,0.800332,0,3
258.763,-154.039,0,0,0,0.559025,0.82915,0,3
259.414,-152.923,0,0,0,0.511868,0.859064,0,3
260.121,-151.825,0,0,0,0.455535,0.890218,0,3
260.951,-150.898,0,0,0,0.39681,0.917901,0,3
261.727,-150.224,0,0,0,0.370088,0.928997,0,3
262.657,-149.41,0,0,0,0.328346,0.944558,0,3
263.606,-148.824,0,0,0,0.284669,0.958626,0,3
264.728,-148.215,0,0,0,0.223796,0.974636,0,3
265.91,-147.684,0,0,0,0.16147,0.986878,0,3
267.049,-147.267,0,0,0,0.177416,0.984136,0,3
268.227,-146.757,0,0,0,0.208744,0.97797,0,3
269.353,-146.231,0,0,0,0.225233,0.974305,0,3
270.252,-145.746,0,0,0,0.242377,0.970182,0,3
271.339,-145.125,0,0,0,0.274545,0.961574,0,3
272.388,-144.441,0,0,0,0.315455,0.948941,0,3
273.346,-143.616,0,0,0,0.340206,0.940351,0,3
274.351,-142.842,0,0,0,0.323554,0.94621,0,3
275.377,-142.043,0,0,0,0.316517,0.948587,0,3
276.427,-141.244,0,0,0,0.307282,0.951619,0,3
277.281,-140.653,0,0,0,0.298682,0.954353,0,3
278.085,-140.045,0,0,0,0.30233,0.953203,0,3
279.157,-139.377,0,0,0,0.294925,0.95552,0,3
280.222,-138.701,0,0,0,0.284888,0.958561,0,3
281.342,-138.059,0,0,0,0.274043,0.961717,0,3
282.357,-137.408,0,0,0,0.265677,0.964062,0,3
283.331,-136.754,0,0,0,0.371272,0.928524,0,3
284.078,-136.016,0,0,0,0.359799,0.93303,0,3
285.062,-135.228,0,0,0,0.33064,0.943757,0,3
286.155,-134.425,0,0,0,0.317474,0.948267,0,3
287.133,-133.746,0,0,0,0.308555,0.951206,0,3
287.991,-133.221,0,0,0,0.299913,0.953967,0,3
289.018,-132.503,0,0,0,0.288909,0.957357,0,3
290.146,-131.81,0,0,0,0.279682,0.960093,0,3
291.161,-131.31,0,0,0,0.265878,0.964007,0,3
292.159,-130.74,0,0,0,0.258311,0.966062,0,3
293.268,-130.097,0,0,0,0.25216,0.967685,0,3
294.297,-129.538,0,0,0,0.240221,0.970718,0,3
295.332,-128.968,0,0,0,0.276905,0.960897,0,3
296.199,-128.435,0,0,0,0.307259,0.951626,0,3
297.217,-127.704,0,0,0,0.304703,0.952447,0,3
298.128,-127.076,0,0,0,0.290312,0.956932,0,3
299.063,-126.567,0,0,0,0.27932,0.960198,0,3
300.167,-125.899,0,0,0,0.267879,0.963453,0,3
301.255,-125.165,0,0,0,0.262471,0.96494,0,3
302.131,-124.611,0,0,0,0.234747,0.972057,0,3
303.232,-124.046,0,0,0,0.23218,0.972673,0,3
304.386,-123.611,0,0,0,0.184025,0.982922,0,3
305.564,-123.089,0,0,0,0.184693,0.982796,0,3
306.694,-122.637,0,0,0,0.190892,0.981611,0,3
307.772,-122.104,0,0,0,0.181916,0.983314,0,3
308.913,-121.733,0,0,0,0.173059,0.984911,0,3
309.985,-121.342,0,0,0,0.166154,0.9861,0,3
311.141,-120.984,0,0,0,0.131301,0.991343,0,3
312.147,-120.747,0,0,0,0.0968413,0.9953,0,3
313.363,-120.517,0,0,0,0.0564126,0.998408,0,3
314.607,-120.385,0,0,0,0.0496275,0.998768,0,3
315.606,-120.314,0,0,0,0.0382731,0.999267,0,3
316.814,-120.215,0,0,0,0.0386336,0.999253,0,3
318.042,-119.993,0,0,0,0.134338,0.990936,0,3
319.223,-119.598,0,0,0,0.145563,0.989349,0,3
320.335,-119.266,0,0,0,0.152913,0.98824,0,3
321.455,-118.926,0,0,0,0.177398,0.984139,0,3
322.604,-118.595,0,0,0,0.171579,0.98517,0,3
323.781,-118.286,0,0,0,0.156334,0.987704,0,3
324.884,-117.966,0,0,0,0.149817,0.988714,0,3
326.124,-117.676,0,0,0,0.142773,0.989755,0,3
327.35,-117.29,0,0,0,0.133873,0.990998,0,3
328.575,-116.903,0,0,0,0.145105,0.989416,0,3
329.763,-116.552,0,0,0,0.136558,0.990632,0,3
330.903,-116.206,0,0,0,0.184186,0.982891,0,3
331.999,-115.737,0,0,0,0.207352,0.978266,0,3
333.073,-115.37,0,0,0,0.203981,0.978975,0,3
334.139,-114.871,0,0,0,0.23287,0.972508,0,3
334.993,-114.3,0,0,0,0.332278,0.943181,0,3
335.957,-113.579,0,0,0,0.342164,0.93964,0,3
336.904,-112.842,0,0,0,0.336582,0.941654,0,3
337.888,-112.079,0,0,0,0.334818,0.942283,0,3
338.83,-111.197,0,0,0,0.389077,0.921205,0,3
339.571,-110.478,0,0,0,0.375939,0.926644,0,3
340.499,-109.667,0,0,0,0.393831,0.919183,0,3
341.358,-108.784,0,0,0,0.382741,0.923856,0,3
342.084,-108.078,0,0,0,0.375551,0.926802,0,3
342.902,-107.213,0,0,0,0.351828,0.936065,0,3
343.786,-106.473,0,0,0,0.352921,0.935653,0,3
344.632,-105.785,0,0,0,0.28857,0.957459,0,3
345.755,-105.242,0,0,0,0.170791,0.985307,0,3
346.94,-104.768,0,0,0,0.130536,0.991444,0,3
348.121,-104.476,0,0,0,0.0390007,0.999239,0,3
349.375,-104.383,0,0,0,0.00451013,0.99999,0,3
350.52,-104.276,0,0,0,-0.0381454,0.999272,0,3
351.539,-104.296,0,0,0,-0.0501596,0.998741,0,3
352.723,-104.443,0,0,0,-0.0832879,0.996526,0,3
353.77,-104.576,0,0,0,-0.140185,0.990125,0,3
354.878,-104.84,0,0,0,-0.141661,0.989915,0,3
355.884,-105.096,0,0,0,-0.15313,0.988206,0,3
357.067,-105.489,0,0,0,-0.164101,0.986444,0,3
358.037,-105.83,0,0,0,-0.173654,0.984807,0,3
358.987,-106.202,0,0,0,-0.225394,0.974268,0,3
359.948,-106.916,0,0,0,-0.391232,0.920292,0,3
360.781,-107.808,0,0,0,-0.390749,0.920497,0,3
361.611,-108.711,0,0,0,-0.394778,0.918776,0,3
362.468,-109.466,0,0,0,-0.297323,0.954777,0,3
363.486,-109.817,0,0,0,-0.0364002,0.999337,0,3
364.657,-109.47,0,0,0,0.212009,0.977268,0,3
365.651,-108.901,0,0,0,0.466177,0.884692,0,3
366.052,-107.956,0,0,0,0.685751,0.727836,0,3
366.193,-106.794,0,0,0,0.684039,0.729446,0,3
366.193,-105.687,0,0,0,0.703388,0.710806,0,3
366.246,-104.559,0,0,0,0.674149,0.738595,0,3
366.353,-103.513,0,0,0,0.680748,0.732518,0,3
366.408,-102.359,0,0,0,0.685895,0.7277,0,3
366.468,-101.359,0,0,0,0.689012,0.72475,0,3
366.636,-100.119,0,0,0,0.682317,0.731056,0,3
366.741,-99.0427,0,0,0,0.715838,0.698266,0,3
366.866,-98.0173,0,0,0,0.688031,0.725682,0,3
366.764,-96.9205,0,0,0,0.683056,0.730366,0,3
366.867,-95.8039,0,0,0,0.675216,0.73762,0,3
367.015,-94.6299,0,0,0,0.669063,0.743206,0,3
367.279,-93.387,0,0,0,0.676664,0.736292,0,3
367.508,-92.1647,0,0,0,0.703638,0.710558,0,3
367.576,-91.0223,0,0,0,0.697113,0.716961,0,3
367.332,-89.9207,0,0,0,0.857336,0.514757,0,3
366.6,-88.9855,0,0,0,0.932188,0.361975,0,3
365.492,-88.3855,0,0,0,0.985026,0.172405,0,3
364.406,-88.0378,0,0,0,0.986397,0.164382,0,3
363.317,-87.6965,0,0,0,0.99522,0.0976612,0,3
362.108,-87.5525,0,0,0,0.9996,0.0282724,0,3
360.946,-87.53,0,0,0,0.999999,0.00111799,0,3
359.739,-87.4271,0,0,0,0.999668,0.0257578,0,3
358.729,-87.3569,0,0,0,0.99935,0.0360526,0,3
357.591,-87.2662,0,0,0,0.999018,0.0443061,0,3
356.372,-87.1313,0,0,0,0.998583,0.0532131,0,3
355.204,-87.0806,0,0,0,0.997861,0.0653685,0,3
353.982,-86.9365,0,0,0,0.99763,0.0688058,0,3
352.773,-86.9198,0,0,0,0.999896,0.0144341,0,3
351.552,-86.9267,0,0,0,0.999645,0.0266423,0,3
350.415,-86.8002,0,0,0,0.999402,0.034589,0,3
349.264,-86.6419,0,0,0,0.998706,0.0508636,0,3
347.997,-86.5586,0,0,0,0.99962,0.02756,0,3
346.718,-86.5287,0,0,0,0.999043,0.0437469,0,3
345.613,-86.4873,0,0,0,0.99898,0.0451515,0,3
344.548,-86.4832,0,0,0,0.998645,0.0520466,0,3
343.332,-86.2017,0,0,0,0.999404,0.0345196,0,3
342.08,-86.0392,0,0,0,0.998788,0.0492197,0,3
340.836,-85.9831,0,0,0,0.999212,0.0396789,0,3
339.607,-85.9695,0,0,0,0.999447,0.0332596,0,3
338.445,-86.0214,0,0,0,0.999217,0.0395707,0,3
337.249,-86.1182,0,0,0,0.999104,0.0423294,0,3
336.081,-86.1713,0,0,0,0.999998,0.00213255,0,3
334.965,-86.1986,0,0,0,0.999589,0.0286594,0,3
333.741,-86.3405,0,0,0,0.999819,0.0190073,0,3
332.523,-86.5135,0,0,0,0.999565,0.0294774,0,3
331.517,-87.1605,0,0,0,0.999427,0.0338399,0,3
330.417,-87.0361,0,0,0,0.999053,0.0435025,0,3
329.389,-87.0792,0,0,0,0.998783,0.049311,0,3
328.173,-87.0732,0,0,0,0.999396,0.0347574,0,3
326.989,-87.1464,0,0,0,0.999354,0.0359276,0,3
325.971,-87.1691,0,0,0,0.998862,0.0476884,0,3
324.799,-87.1277,0,0,0,0.999902,0.0140297,0,3
323.642,-87.1831,0,0,0,0.99918,0.0404912,0,3
322.534,-87.1499,0,0,0,0.999951,0.00986924,0,3
321.405,-87.1534,0,0,0,0.999773,0.0212934,0,3
320.251,-87.1131,0,0,0,0.999559,0.029694,0,3
319.116,-87.0671,0,0,0,1,0.00068065,0,3
317.875,-87.0354,0,0,0,0.999781,0.0209442,0,3
316.746,-86.9611,0,0,0,0.999499,0.0316611,0,3
315.616,-86.8557,0,0,0,0.999969,0.00793127,0,3
314.595,-86.7903,0,0,0,0.999714,0.0238957,0,3
313.422,-86.6748,0,0,0,0.999546,0.0301344,0,3
312.269,-86.5963,0,0,0,0.999291,0.0376598,0,3
311.15,-86.4434,0,0,0,0.999016,0.0443613,0,3
309.928,-86.2962,0,0,0,0.999924,0.0123072,0,3
308.696,-86.1854,0,0,0,0.999901,0.0141034,0,3
307.518,-86.1343,0,0,0,0.99999,-0.00441032,0,3
306.495,-86.1091,0,0,0,0.999759,-0.021973,0,3
305.186,-86.1859,0,0,0,0.999121,-0.0419132,0,3
304.117,-86.2464,0,0,0,0.999574,-0.0291726,0,3
303.056,-86.2597,0,0,0,0.999988,-0.00488558,0,3
301.877,-86.246,0,0,0,0.999982,0.00596476,0,3
300.815,-86.221,0,0,0,0.999931,0.0117216,0,3
299.657,-86.19,0,0,0,0.999872,0.0160166,0,3
298.45,-86.128,0,0,0,0.999567,0.0294399,0,3
